Submission id,Participant id,Status,Started at,Completed at,Reviewed at,Archived at,Time taken,Completion code,Total approvals,Fluent languages,Age,Sex,Ethnicity simplified,Country of birth,Country of residence,Nationality,Language,Student status,Employment status
64dc7447d4ec9d8f39c4936c,5ee3be6ff942c407cd54e6ce,APPROVED,2023-08-16T07:05:56.066000Z,2023-08-16T07:29:34.388000Z,2023-08-16T15:07:07.632000,2023-08-16T07:29:34.868731Z,1419,C2BFG2BR,1221,English,53,Female,White,United Kingdom,United Kingdom,United Kingdom,English,No,"Not in paid work (e.g. homemaker', 'retired or disabled)"
64dc754aa21bd6b8ade6c0fb,6158e8533a2bc1a989fc0b22,RETURNED,2023-08-16T07:05:49.420000Z,2023-08-16T07:51:38.445000Z,,2023-08-16T07:51:39.597000Z,,NOCODE,218,CONSENT_REVOKED,CONSENT_REVOKED,CONSENT_REVOKED,CONSENT_REVOKED,CONSENT_REVOKED,CONSENT_REVOKED,CONSENT_REVOKED,CONSENT_REVOKED,CONSENT_REVOKED,CONSENT_REVOKED
64dc7580e16980cfae864776,6400dc9a87b5f4d0c3604bf3,APPROVED,2023-08-16T07:06:52.104000Z,2023-08-16T07:25:21.201000Z,2023-08-16T15:07:07.773000,2023-08-16T07:25:22.147646Z,1110,C2BFG2BR,161,English,20,Male,White,United Kingdom,United Kingdom,United Kingdom,English,Yes,Part-Time
64dc75a355f70a6055c54717,5a4e26a8f4c9dc0001b7a1b5,APPROVED,2023-08-16T07:07:19.786000Z,2023-08-16T07:30:19.176000Z,2023-08-16T15:07:07.911000,2023-08-16T07:30:19.609140Z,1380,C2BFG2BR,963,English,39,Female,White,Ireland,United Kingdom,Ireland,English,No,Part-Time
64dc75a3df1ea72463ade36f,5a9f9e14b5e2110001c6f6f5,APPROVED,2023-08-16T07:15:02.277000Z,2023-08-16T07:35:53.408000Z,2023-08-16T15:07:08.044000,2023-08-16T07:35:53.866948Z,1252,C2BFG2BR,537,English,35,Female,White,United Kingdom,United Kingdom,United Kingdom,English,DATA_EXPIRED,DATA_EXPIRED
64dc75d673c899f353f75cf0,5ed9e3fa856ca9599fa8ea91,APPROVED,2023-08-16T07:08:11.628000Z,2023-08-16T07:31:02.897000Z,2023-08-16T15:07:08.190000,2023-08-16T07:31:03.496548Z,1372,C2BFG2BR,103,English,30,Male,White,United Kingdom,United Kingdom,United Kingdom,English,DATA_EXPIRED,DATA_EXPIRED
64dc75f7f001a851bd4411c2,59dd4d2b0fb3a90001bd91f8,APPROVED,2023-08-16T07:08:45.338000Z,2023-08-16T07:36:33.345000Z,2023-08-16T15:07:08.327000,2023-08-16T07:36:33.875750Z,1669,C2BFG2BR,1314,English,52,Female,White,United Kingdom,United Kingdom,United Kingdom,English,No,"Not in paid work (e.g. homemaker', 'retired or disabled)"
64dc76ace7af757f82f02f92,5db41a3f9ca75a000b71110c,APPROVED,2023-08-16T07:12:38.960000Z,2023-08-16T07:52:48.934000Z,2023-08-16T15:07:08.462000,2023-08-16T07:52:49.372386Z,2410,C2BFG2BR,843,English,38,Female,White,United Kingdom,United Kingdom,United Kingdom,English,No,"Not in paid work (e.g. homemaker', 'retired or disabled)"
64dc7733356a092c90feb18e,63d7a7ee06462ef3355ea771,APPROVED,2023-08-16T07:13:59.397000Z,2023-08-16T07:34:47.929000Z,2023-08-16T15:07:08.603000,2023-08-16T07:34:48.402523Z,1249,C2BFG2BR,139,English,42,Male,White,United Kingdom,United Kingdom,United Kingdom,English,DATA_EXPIRED,DATA_EXPIRED
64dc7790573c091cd0be8935,5cb710c9ac9259001681e253,APPROVED,2023-08-16T07:15:31.116000Z,2023-08-16T07:52:02.679000Z,2023-08-16T15:07:08.748000,2023-08-16T07:52:03.218943Z,2192,C2BFG2BR,373,English,31,Female,White,United Kingdom,United Kingdom,United Kingdom,English,DATA_EXPIRED,DATA_EXPIRED
64dc77e61c7c0de1694e5753,609408e1ef7e7d611c5a06ac,APPROVED,2023-08-16T07:17:02.639000Z,2023-08-16T07:53:25.345000Z,2023-08-16T15:07:08.888000,2023-08-16T07:53:26.673232Z,2183,C2BFG2BR,279,"English, French",38,Male,Black,Congo the Democratic Republic of the,United Kingdom,United Kingdom,French,No,DATA_EXPIRED
64dc77f64af2a539f88b8b6d,5b6eba1aaf4af50001357228,APPROVED,2023-08-16T07:17:10.846000Z,2023-08-16T07:42:58.728000Z,2023-08-16T15:07:09.060000,2023-08-16T07:42:59.289674Z,1548,C2BFG2BR,1504,English,50,Female,White,United Kingdom,United Kingdom,United Kingdom,English,DATA_EXPIRED,DATA_EXPIRED
64dc78121d792017e0b5d4b4,55f1ca7532af7400121700cc,APPROVED,2023-08-16T07:17:44.515000Z,2023-08-16T07:35:31.266000Z,2023-08-16T15:07:09.201000,2023-08-16T07:35:31.726979Z,1067,C2BFG2BR,1046,"English, French",45,Female,White,United Kingdom,United Kingdom,United Kingdom,English,DATA_EXPIRED,DATA_EXPIRED
64dc783a8a4a258588e6c0fa,5ae96d1878b0060001e69b8a,APPROVED,2023-08-16T07:20:40.799000Z,2023-08-16T07:57:54.984000Z,2023-08-16T15:07:09.333000,2023-08-16T07:57:55.443908Z,2235,C2BFG2BR,1125,English,33,Female,White,United Kingdom,United Kingdom,United Kingdom,English,DATA_EXPIRED,DATA_EXPIRED
64dc784c7b16dfa23dc86d26,634722c376aabd6070ac0a68,APPROVED,2023-08-16T07:18:45.398000Z,2023-08-16T08:05:37.398000Z,2023-08-16T20:51:36.007000,2023-08-16T08:05:37.881526Z,2812,NOCODE,67,"English, Italian, Portuguese, Spanish",30,Prefer not to say,Mixed,United Kingdom,United Kingdom,United Kingdom,Italian,DATA_EXPIRED,DATA_EXPIRED
64dc788ff045656bbd2da87a,60fd1ff6c3a0346b66d878ee,APPROVED,2023-08-16T07:27:26.826000Z,2023-08-16T08:15:38.960000Z,2023-08-16T15:07:09.500000,2023-08-16T08:15:39.526352Z,2893,C2BFG2BR,337,English,57,Male,Black,Nigeria,United Kingdom,Nigeria,English,DATA_EXPIRED,DATA_EXPIRED
64dc789045749e86a8779dc4,63ef566e5460d50a368654dd,APPROVED,2023-08-16T07:19:47.689000Z,2023-08-16T07:41:25.302000Z,2023-08-16T15:07:09.667000,2023-08-16T07:41:25.720074Z,1298,C2BFG2BR,82,English,51,Female,White,United Kingdom,United Kingdom,United Kingdom,English,No,DATA_EXPIRED
64dc7896fef45566228a3d7e,5f0ced9d5a17786fb11b7f47,APPROVED,2023-08-16T07:23:05.095000Z,2023-08-16T07:47:36.579000Z,2023-08-16T15:07:09.823000,2023-08-16T07:47:37.070344Z,1472,C2BFG2BR,1100,English,56,Female,White,United Kingdom,United Kingdom,United Kingdom,English,No,"Not in paid work (e.g. homemaker', 'retired or disabled)"
64dc78d195e0db63318b8b27,5ed2717aec79fd1d3ca47d65,APPROVED,2023-08-16T07:20:57.846000Z,2023-08-16T07:42:16.810000Z,2023-08-16T15:07:09.993000,2023-08-16T07:42:17.292531Z,1279,C2BFG2BR,1071,English,58,Female,White,United Kingdom,United Kingdom,United Kingdom,English,No,Part-Time
64dc78dc8a4a258588e6c12b,5fd763c986c8250530939ce2,APPROVED,2023-08-16T07:21:00.447000Z,2023-08-16T07:44:40.797000Z,2023-08-16T15:07:10.175000,2023-08-16T07:44:49.543105Z,1421,C2BFG2BR,172,English,49,Female,White,Zambia,United Kingdom,United Kingdom,English,No,DATA_EXPIRED
64dc78e08b20b677772ae9f5,60e55bb59cfd0aa9803b4470,APPROVED,2023-08-16T07:25:08.982000Z,2023-08-16T07:49:30.993000Z,2023-08-16T15:07:10.339000,2023-08-16T07:49:31.466619Z,1463,C2BFG2BR,781,English,29,Male,White,United Kingdom,United Kingdom,United Kingdom,English,DATA_EXPIRED,DATA_EXPIRED
64dc78f7e0ad25fbb7c4939a,631193fff8094698c07c9ef6,APPROVED,2023-08-16T07:21:31.603000Z,2023-08-16T07:39:48.891000Z,2023-08-16T15:07:10.509000,2023-08-16T07:39:49.431938Z,1098,C2BFG2BR,499,English,32,Male,White,United Kingdom,United Kingdom,United Kingdom,English,No,Full-Time
64dc790618b0e316baade395,5ba2a1c8c96df90001ce9159,APPROVED,2023-08-16T07:21:45.344000Z,2023-08-16T07:39:07.823000Z,2023-08-16T15:07:11.122000,2023-08-16T07:39:08.468402Z,1043,C2BFG2BR,1625,English,45,Female,White,United Kingdom,United Kingdom,United Kingdom,English,DATA_EXPIRED,DATA_EXPIRED
64dc790d13d7dc68afa1d3da,5a9bc842873cda0001dcb644,APPROVED,2023-08-16T07:21:55.358000Z,2023-08-16T07:39:32.805000Z,2023-08-16T15:07:11.280000,2023-08-16T07:39:33.451325Z,1058,C2BFG2BR,1590,English,32,Female,White,United Kingdom,United Kingdom,United Kingdom,English,No,DATA_EXPIRED
64dc7912c14b8ef70886de5e,62aa1fefabb116cb465a45fc,APPROVED,2023-08-16T07:22:00.431000Z,2023-08-16T07:39:40.188000Z,2023-08-16T15:07:11.418000,2023-08-16T07:39:40.768127Z,1060,C2BFG2BR,624,English,34,Female,White,United Kingdom,United Kingdom,United Kingdom,English,No,Full-Time
64dc7913709c081eae6f0a93,5cb749fda6fe0700189768a5,APPROVED,2023-08-16T07:22:16.627000Z,2023-08-16T07:50:10.027000Z,2023-08-16T15:07:11.560000,2023-08-16T07:50:10.629992Z,1674,C2BFG2BR,887,English,61,Female,White,United Kingdom,United Kingdom,United Kingdom,English,No,Part-Time
64dc7951ef2cefcca3133bf9,60170c926648b891f9e5742f,APPROVED,2023-08-16T07:25:55.719000Z,2023-08-16T07:50:45.541000Z,2023-08-16T15:07:11.729000,2023-08-16T07:50:46.248527Z,1490,C2BFG2BR,436,English,43,Female,White,United Kingdom,United Kingdom,United Kingdom,English,No,Part-Time
64dc7953be257441112eb128,63bc864456067deb81092630,APPROVED,2023-08-16T07:23:03.261000Z,2023-08-16T07:31:21.237000Z,2023-08-16T15:49:23.240000,2023-08-16T07:31:22.595241Z,498,NOCODE,176,English,42,Male,Mixed,United Kingdom,United Kingdom,United Kingdom,English,DATA_EXPIRED,DATA_EXPIRED
64dc79572fd88853c1696268,603797db171365017caa15e5,APPROVED,2023-08-16T07:23:05.592000Z,2023-08-16T07:40:15.210000Z,2023-08-16T15:07:11.864000,2023-08-16T07:40:17.941785Z,1030,C2BFG2BR,270,English,37,Female,White,United Kingdom,United Kingdom,United Kingdom,English,DATA_EXPIRED,DATA_EXPIRED
64dc79854101032082a1d435,63cfdefcf2ee0355b64d6f03,APPROVED,2023-08-16T07:23:54.478000Z,2023-08-16T07:56:38.070000Z,2023-08-16T15:07:12.041000,2023-08-16T07:56:38.587199Z,1964,C2BFG2BR,282,"English, Polish",52,Female,White,Poland,United Kingdom,Poland,Polish,No,Full-Time
64dc79a2601d7d2f191270b7,5717864c94d4fc001297198d,APPROVED,2023-08-16T07:24:21.868000Z,2023-08-16T07:42:19.528000Z,2023-08-16T15:07:12.250000,2023-08-16T07:42:20.247785Z,1078,C2BFG2BR,1374,English,39,Female,White,United Kingdom,United Kingdom,United Kingdom,English,No,Full-Time
64dc79ca7304b9d78df02f98,644fe22915ee001d29a6b7be,APPROVED,2023-08-16T07:25:02.797000Z,2023-08-16T07:46:43.771000Z,2023-08-16T15:07:12.476000,2023-08-16T07:46:46.804801Z,1301,C2BFG2BR,193,English,59,Female,White,United Kingdom,United Kingdom,United Kingdom,English,No,"Not in paid work (e.g. homemaker', 'retired or disabled)"
64dc79ccf9491dfdd0be8962,63d650bb391dd8bb01d022ef,APPROVED,2023-08-16T07:25:05.192000Z,2023-08-16T07:50:50.539000Z,2023-08-16T15:07:12.656000,2023-08-16T07:50:51.079709Z,1546,C2BFG2BR,316,"English, Italian",41,Male,White,Italy,United Kingdom,Italy,Italian,No,Full-Time
64dc7a124d2b9397b5c54744,62a12f67f0da767bd2c0222f,APPROVED,2023-08-16T07:26:16.088000Z,2023-08-16T07:49:30.171000Z,2023-08-16T15:07:12.816000,2023-08-16T07:49:30.642307Z,1395,C2BFG2BR,214,English,44,Female,White,United Kingdom,United Kingdom,United Kingdom,English,No,Part-Time
64dc7a263235279336e29631,60377564edd48263e3130a88,APPROVED,2023-08-16T07:26:34.694000Z,2023-08-16T07:40:00.653000Z,2023-08-16T15:07:13.010000,2023-08-16T07:40:02.170395Z,806,C2BFG2BR,1341,English,35,Female,White,United Kingdom,United Kingdom,United Kingdom,English,No,Full-Time
64dc7a3a13d7dc68afa1d418,57e17bdc1334540001170aa0,APPROVED,2023-08-16T07:32:45.747000Z,2023-08-16T08:04:07.343000Z,2023-08-16T15:07:13.196000,2023-08-16T08:04:08.206997Z,1882,C2BFG2BR,788,English,31,Female,Black,United Kingdom,United Kingdom,United Kingdom,English,No,Full-Time
64dc7a4244bd2eb2c4e6c125,62a0e117625b3e346ccb377f,APPROVED,2023-08-16T07:27:03.690000Z,2023-08-16T07:53:52.207000Z,2023-08-16T15:07:13.348000,2023-08-16T07:53:52.720765Z,1609,C2BFG2BR,505,English,40,Female,White,United Kingdom,United Kingdom,United Kingdom,English,No,Part-Time
64dc7a5e405934a36ae2ece3,59a7cfeb7ff2320001ec59d9,APPROVED,2023-08-16T07:27:30.029000Z,2023-08-16T07:48:15.016000Z,2023-08-16T15:07:13.513000,2023-08-16T07:48:15.597716Z,1245,C2BFG2BR,1853,English,54,Female,Mixed,United Kingdom,United Kingdom,United Kingdom,English,No,Full-Time
64dc7a9a449041920ea08dcd,63d13cca81e6d01c11fb0ca5,APPROVED,2023-08-16T07:28:45.643000Z,2023-08-16T07:45:38.843000Z,2023-08-16T15:07:13.661000,2023-08-16T07:45:46.883897Z,1014,C2BFG2BR,293,English,41,Male,White,United Kingdom,United Kingdom,United Kingdom,English,Yes,Full-Time
64dc7a9bc17ffe2c217f3768,5693df018d93fe000dfa5733,APPROVED,2023-08-16T07:28:27.625000Z,2023-08-16T08:00:43.644000Z,2023-08-16T15:07:13.819000,2023-08-16T08:00:44.454345Z,1937,C2BFG2BR,2140,"English, Punjabi",50,Female,Asian,United Kingdom,United Kingdom,United Kingdom,English,No,"Not in paid work (e.g. homemaker', 'retired or disabled)"
64dc7aa20a19884bc24e5728,5f95ecdf1381b512f13ab6f0,APPROVED,2023-08-16T07:34:28.937000Z,2023-08-16T08:41:48.341000Z,2023-08-16T15:07:13.963000,2023-08-16T08:41:49.137900Z,4040,C2BFG2BR,361,English,31,Male,White,United Kingdom,United Kingdom,United Kingdom,English,No,Full-Time
64dc7af359cbf0e3e6133be9,63d7714e038e3cdd0833f4e1,APPROVED,2023-08-16T07:31:09.569000Z,2023-08-16T07:59:02.732000Z,2023-08-16T15:07:14.152000,2023-08-16T07:59:03.240003Z,1674,C2BFG2BR,144,English,39,Female,White,United Kingdom,United Kingdom,United Kingdom,English,No,Full-Time
64dc7af46affa6e52df02f8d,5f5d51785a31085a80509958,APPROVED,2023-08-16T07:30:02.258000Z,2023-08-16T08:49:29.623000Z,2023-08-16T15:07:14.281000,2023-08-16T08:49:30.132879Z,4768,C2BFG2BR,848,"Croatian, English, Italian",38,Female,White,Bosnia and Herzegovina,United Kingdom,United Kingdom,Croatian,No,Other
64dc7af7af547a8081be8950,5c3121af8c6d820001abed8e,APPROVED,2023-08-16T07:30:03.578000Z,2023-08-16T07:53:15.125000Z,2023-08-16T15:07:14.431000,2023-08-16T07:53:15.607233Z,1392,C2BFG2BR,248,English,49,Female,White,United Kingdom,United Kingdom,United Kingdom,English,No,Full-Time
64dc7afaa15d0c3400c86d00,5e4d40e2d3132c1907e80312,APPROVED,2023-08-16T07:39:40.713000Z,2023-08-16T08:08:51.836000Z,2023-08-16T15:07:14.580000,2023-08-16T08:08:52.324972Z,1752,C2BFG2BR,831,English,64,Female,White,United Kingdom,United Kingdom,United Kingdom,English,No,Part-Time
64dc7afc51587902ba779d6f,634e460a7da3fef3d5a9faf3,APPROVED,2023-08-16T07:34:38.544000Z,2023-08-16T08:00:49.032000Z,2023-08-16T15:07:14.745000,2023-08-16T08:00:49.695552Z,1571,C2BFG2BR,436,English,28,Male,Black,DATA_EXPIRED,United Kingdom,Nigeria,English,DATA_EXPIRED,Full-Time
64dc7b0473c0403a94b512b6,600b5191a434df19524dd1a0,APPROVED,2023-08-16T07:30:16.694000Z,2023-08-16T08:11:12.334000Z,2023-08-16T15:07:14.891000,2023-08-16T08:11:12.819243Z,2456,C2BFG2BR,996,English,40,Male,White,United Kingdom,United Kingdom,United Kingdom,English,No,Full-Time
64dc7b1a1a8a7ce03986474c,62a882f2dc6e6b6b98199b8c,APPROVED,2023-08-16T07:30:39.569000Z,2023-08-16T07:47:24.123000Z,2023-08-16T15:07:15.042000,2023-08-16T07:47:25.801189Z,1005,C2BFG2BR,582,English,32,Female,White,United Kingdom,United Kingdom,United Kingdom,English,No,Full-Time
64dc7b2c2f00dfc201b5d4c0,63d53d150a864eb06120bb88,APPROVED,2023-08-16T07:30:54.553000Z,2023-08-16T07:45:24.834000Z,2023-08-16T15:07:15.176000,2023-08-16T08:46:35.818787Z,871,C2BFG2BR,296,English,31,Male,White,United Kingdom,United Kingdom,United Kingdom,English,No,Full-Time
64dc7b35998f49eb8ba08db5,62fb7a7a78d3bbcf82ac4083,APPROVED,2023-08-16T07:31:07.217000Z,2023-08-16T08:01:21.412000Z,2023-08-16T15:50:25.478000,2023-08-16T08:01:21.848831Z,1815,C2BFG2BR,231,English,34,Male,White,United Kingdom,United Kingdom,United Kingdom,English,DATA_EXPIRED,DATA_EXPIRED
64dc7b390f7d0a27f1e6c0d8,5f454fc543b5c9111aaedb33,APPROVED,2023-08-16T07:35:45.377000Z,2023-08-16T07:51:56.124000Z,2023-08-16T15:07:15.319000,2023-08-16T07:51:56.582603Z,971,C2BFG2BR,1321,English,39,Male,White,United Kingdom,United Kingdom,United Kingdom,English,No,Full-Time
64dc7b4573c0403a94b512ce,5bebf332cef79f00014d230c,APPROVED,2023-08-16T07:31:30.048000Z,2023-08-16T07:48:55.353000Z,2023-08-16T15:07:15.465000,2023-08-16T07:48:55.960312Z,1046,C2BFG2BR,1367,English,46,Male,White,United Kingdom,United Kingdom,United Kingdom,English,No,Full-Time
64dc7b45760b5ca29153d2e6,63ea52773c5861d1f32c4bdb,APPROVED,2023-08-16T07:31:25.380000Z,2023-08-16T07:53:16.232000Z,2023-08-16T15:07:15.603000,2023-08-16T07:53:16.684746Z,1311,C2BFG2BR,151,English,30,Male,White,United Kingdom,United Kingdom,United Kingdom,English,No,DATA_EXPIRED
64dc7b47f231ada7834e5780,6146f9d153bd39dfa1fe49b5,APPROVED,2023-08-16T07:31:25.284000Z,2023-08-16T07:51:26.196000Z,2023-08-16T15:07:15.764000,2023-08-16T07:51:26.697165Z,1201,C2BFG2BR,583,English,24,Female,White,United Kingdom,United Kingdom,United Kingdom,English,DATA_EXPIRED,DATA_EXPIRED
64dc7b4894becfe9b1f75cb8,642b1c83e9a71c3d81d75b19,APPROVED,2023-08-16T07:31:23.782000Z,2023-08-16T08:18:24.889000Z,2023-08-16T15:07:16.018000,2023-08-16T08:18:25.337474Z,2822,C2BFG2BR,142,English,48,Female,White,United Kingdom,United Kingdom,United Kingdom,English,No,Full-Time
64dc7b502356a55c9dfbb6dd,638a8c63c74f91261108cebf,APPROVED,2023-08-16T07:31:28.458000Z,2023-08-16T07:56:56.584000Z,2023-08-16T15:07:16.153000,2023-08-16T07:56:57.038413Z,1529,C2BFG2BR,392,"English, Portuguese",26,Female,White,Portugal,United Kingdom,Portugal,Portuguese,Yes,Part-Time
64dc7b5313ffd7a1de696252,62b2080f8f89f2f15c47d9ba,APPROVED,2023-08-16T07:31:40.111000Z,2023-08-16T07:47:41.226000Z,2023-08-16T15:07:16.310000,2023-08-16T07:47:41.697079Z,962,C2BFG2BR,611,English,53,Female,White,United Kingdom,United Kingdom,United Kingdom,English,No,"Not in paid work (e.g. homemaker', 'retired or disabled)"
64dc7b57c943422f0853d2c3,5f50d2ed14987325962c64dc,APPROVED,2023-08-16T07:31:38.853000Z,2023-08-16T07:49:14.474000Z,2023-08-16T15:07:16.457000,2023-08-16T07:49:14.964558Z,1056,C2BFG2BR,316,"Chinese, English",21,Female,Asian,China,United Kingdom,China,Chinese,Yes,Part-Time
64dc7b5bc0748f546373268d,61fa9016d42cb19beec49061,APPROVED,2023-08-16T07:31:46.206000Z,2023-08-16T07:56:41.893000Z,2023-08-16T15:07:16.617000,2023-08-16T07:56:42.897727Z,1496,C2BFG2BR,871,English,50,Male,White,United Kingdom,United Kingdom,United Kingdom,English,No,DATA_EXPIRED
64dc7b5ca7456ad563feb196,5eb162b0dc71ec243a783edc,APPROVED,2023-08-16T07:31:44.945000Z,2023-08-16T07:52:34.148000Z,2023-08-16T15:07:16.782000,2023-08-16T07:52:36.773958Z,1250,C2BFG2BR,1131,English,50,Female,White,United Kingdom,United Kingdom,United Kingdom,English,DATA_EXPIRED,"Not in paid work (e.g. homemaker', 'retired or disabled)"
64dc7b752f00dfc201b5d4e2,55d4e57958c35800113dc3f6,APPROVED,2023-08-16T07:34:16.833000Z,2023-08-16T07:56:56.737000Z,2023-08-16T15:07:16.933000,2023-08-16T07:56:57.226631Z,1360,C2BFG2BR,51,English,35,Male,White,United Kingdom,United Kingdom,United Kingdom,English,No,"Not in paid work (e.g. homemaker', 'retired or disabled)"
64dc7b87760b5ca29153d2fa,60607526ff89564c7dee871e,APPROVED,2023-08-16T07:32:53.493000Z,2023-08-16T07:54:20.560000Z,2023-08-16T15:07:17.129000,2023-08-16T07:54:21.071421Z,1288,C2BFG2BR,339,"French, English",48,Female,White,United Kingdom,United Kingdom,United Kingdom,English,No,Part-Time
64dc7b93c0c09417f2c49369,607c25220ce5e062f6eff874,APPROVED,2023-08-16T07:32:35.977000Z,2023-08-16T07:56:35.627000Z,2023-08-16T15:07:17.282000,2023-08-16T07:56:37.225560Z,1440,C2BFG2BR,668,English,30,Female,White,United Kingdom,United Kingdom,United Kingdom,English,No,Full-Time
64dc7b94c5c3522490696264,568f981a7d961b000c969d2f,APPROVED,2023-08-16T07:36:42.941000Z,2023-08-16T08:04:52.409000Z,2023-08-16T15:07:17.420000,2023-08-16T08:04:53.123342Z,1690,C2BFG2BR,613,English,55,Male,White,United Kingdom,United Kingdom,United Kingdom,English,DATA_EXPIRED,DATA_EXPIRED
64dc7b95215c87190a6f0a89,59b7b72e11212f0001cd0f15,APPROVED,2023-08-16T07:32:42.954000Z,2023-08-16T07:51:29.526000Z,2023-08-16T15:07:17.595000,2023-08-16T07:51:30.053449Z,1127,C2BFG2BR,308,English,30,Female,White,United Kingdom,United Kingdom,United Kingdom,English,No,Unemployed (and job seeking)
64dc7b996affa6e52df02fc4,5d1904fd8b97090001215bdf,APPROVED,2023-08-16T07:32:49.243000Z,2023-08-16T07:50:13.936000Z,2023-08-16T15:07:17.759000,2023-08-16T07:50:14.376498Z,1045,C2BFG2BR,1724,English,55,Female,White,United Kingdom,United Kingdom,United Kingdom,English,DATA_EXPIRED,Part-Time
64dc7ba29f657209751f2160,55e356dac70c7a00052a57ec,APPROVED,2023-08-16T07:32:56.194000Z,2023-08-16T08:01:26.199000Z,2023-08-16T15:07:17.894000,2023-08-16T08:01:28.602414Z,1711,C2BFG2BR,2005,English,58,Male,White,United Kingdom,United Kingdom,United Kingdom,English,No,Part-Time
64dc7ba6215c87190a6f0a8e,56235e19ed6e5a0011c80a7b,APPROVED,2023-08-16T07:32:57.935000Z,2023-08-16T07:53:53.181000Z,2023-08-16T15:07:18.023000,2023-08-16T07:53:53.671622Z,1256,C2BFG2BR,673,English,41,Female,White,United Kingdom,United Kingdom,United Kingdom,English,No,Full-Time
64dc7bc7cd581e52bf779d47,64007622a1b9dbf7a50405cb,APPROVED,2023-08-16T07:33:36.921000Z,2023-08-16T07:54:02.992000Z,2023-08-16T15:07:18.150000,2023-08-16T07:54:03.510705Z,1227,C2BFG2BR,226,English,65,Male,White,United Kingdom,United Kingdom,United Kingdom,English,No,"Not in paid work (e.g. homemaker', 'retired or disabled)"
64dc7bc93caf00f7e32eb0eb,5a75e9c119042000015569af,APPROVED,2023-08-16T07:33:33.074000Z,2023-08-16T07:53:15.417000Z,2023-08-16T15:07:18.296000,2023-08-16T07:53:16.099102Z,1183,C2BFG2BR,1179,English,62,Male,White,United Kingdom,United Kingdom,United Kingdom,English,DATA_EXPIRED,DATA_EXPIRED
64dc7bdbac1e705236e6c160,5e5ed3c0287d5020d299f783,APPROVED,2023-08-16T07:33:51.291000Z,2023-08-16T07:51:07.534000Z,2023-08-16T15:07:18.427000,2023-08-16T07:51:08.056301Z,1037,C2BFG2BR,106,English,38,Female,White,United Kingdom,United Kingdom,United Kingdom,English,No,Full-Time
64dc7bdfaf547a8081be89a4,5ebc4f47316102079775504b,APPROVED,2023-08-16T07:34:06.552000Z,2023-08-16T07:58:41.211000Z,2023-08-16T20:50:12.176000,2023-08-16T07:58:41.666068Z,1475,NOCODE,5,English,38,Female,DATA_EXPIRED,United Kingdom,United Kingdom,United Kingdom,English,No,DATA_EXPIRED
64dc7be8348813c8bd4e572e,62b0567cdc9d1b36d234a319,APPROVED,2023-08-16T07:34:03.314000Z,2023-08-16T07:56:09.994000Z,2023-08-16T15:07:18.575000,2023-08-16T07:56:10.522953Z,1327,C2BFG2BR,437,English,34,Female,White,United Kingdom,United Kingdom,Ireland,English,Yes,Full-Time
64dc7be9cf99e74298b5d48a,5755c957eb80c4000741a9ce,APPROVED,2023-08-16T07:36:44.624000Z,2023-08-16T07:54:56.625000Z,2023-08-16T15:07:18.716000,2023-08-16T07:54:57.054248Z,1093,C2BFG2BR,3066,English,40,Male,White,United Kingdom,United Kingdom,United Kingdom,English,No,Full-Time
64dc7c041f8143bba27f3752,5ccab088f2532b0001b88aca,APPROVED,2023-08-16T07:35:14.572000Z,2023-08-16T07:58:37.369000Z,2023-08-16T15:07:18.874000,2023-08-16T07:58:38.017464Z,1403,C2BFG2BR,772,English,46,Female,White,United Kingdom,United Kingdom,United Kingdom,English,No,Full-Time
64dc7c10d51aec2c7bc546f9,5e56a4d1df03b70525535774,APPROVED,2023-08-16T07:34:46.343000Z,2023-08-16T08:05:15.656000Z,2023-08-16T15:07:19.026000,2023-08-16T08:05:16.189880Z,1830,C2BFG2BR,210,English,33,Male,White,United Kingdom,United Kingdom,Ireland,English,No,Full-Time
64dc7c1fd479d511601f21a6,63de5a3da0d14b3d32a134f8,APPROVED,2023-08-16T07:35:01.669000Z,2023-08-16T08:01:15.858000Z,2023-08-16T15:07:19.173000,2023-08-16T08:01:16.515276Z,1575,C2BFG2BR,211,English,46,Female,White,United Kingdom,United Kingdom,United Kingdom,English,No,Full-Time
64dc7c240fd16a25adb512a4,5c8ba607c5366c0001d022cb,APPROVED,2023-08-16T07:35:50.430000Z,2023-08-16T07:59:34.303000Z,2023-08-16T15:07:19.330000,2023-08-16T07:59:34.789675Z,1424,C2BFG2BR,2007,English,38,Male,White,United Kingdom,United Kingdom,United Kingdom,English,No,Full-Time
64dc7c2e1a8da31a47b5d480,5e692a511f156a1e4aa18f70,APPROVED,2023-08-16T07:35:13.613000Z,2023-08-16T08:17:23.951000Z,2023-08-16T15:07:19.467000,2023-08-16T08:17:24.382160Z,2531,C2BFG2BR,782,English,52,Female,White,United Kingdom,United Kingdom,United Kingdom,English,No,"Not in paid work (e.g. homemaker', 'retired or disabled)"
64dc7c320557b9d21b127088,5c4f839a37efdd000184e1df,APPROVED,2023-08-16T07:35:18.116000Z,2023-08-16T07:54:36.986000Z,2023-08-16T15:07:19.601000,2023-08-16T07:54:37.446318Z,1159,C2BFG2BR,386,English,47,Female,White,United Kingdom,United Kingdom,United Kingdom,English,No,DATA_EXPIRED
64dc7c3ba2ce67ee1b033467,614d9188dc315950026a6102,APPROVED,2023-08-16T07:35:30.799000Z,2023-08-16T07:54:00.851000Z,2023-08-16T15:07:19.734000,2023-08-16T07:54:01.349137Z,1111,C2BFG2BR,477,English,29,Male,White,United Kingdom,United Kingdom,United Kingdom,English,No,Full-Time
64dc7c4379bf61fd77441185,5dccf219aa4314964f7461d9,APPROVED,2023-08-16T07:35:37.250000Z,2023-08-16T07:52:56.455000Z,2023-08-16T15:07:19.907000,2023-08-16T07:52:57.714507Z,1040,C2BFG2BR,1516,English,47,Female,White,United Kingdom,United Kingdom,United Kingdom,English,No,"Not in paid work (e.g. homemaker', 'retired or disabled)"
64dc7c4c63a4fd7ffd42d9ff,599eedebec626e0001d53f19,APPROVED,2023-08-16T07:35:44.978000Z,2023-08-16T07:58:37.880000Z,2023-08-16T15:07:20.029000,2023-08-16T07:58:38.511068Z,1373,C2BFG2BR,1284,English,36,Female,White,United Kingdom,United Kingdom,United Kingdom,English,No,Full-Time
64dc7c4c847bd98900133bc4,63160f375a6aad006c2bce9b,APPROVED,2023-08-16T07:38:17.235000Z,2023-08-16T07:55:11.002000Z,2023-08-16T15:07:20.160000,2023-08-16T07:55:11.462625Z,1014,C2BFG2BR,410,English,43,Male,White,United Kingdom,United Kingdom,United Kingdom,English,No,Full-Time
64dc7c4f1a8da31a47b5d486,59ce3501a5bbdd0001bf45e2,APPROVED,2023-08-16T07:35:47.013000Z,2023-08-16T07:53:48.505000Z,2023-08-16T15:07:20.301000,2023-08-16T07:53:48.979475Z,1082,C2BFG2BR,1163,English,52,Female,White,United Kingdom,United Kingdom,United Kingdom,English,DATA_EXPIRED,DATA_EXPIRED
64dc7c512c6c239c09739a7b,5642444817bdbe00062a1129,APPROVED,2023-08-16T07:35:48.398000Z,2023-08-16T08:00:23.286000Z,2023-08-16T15:07:20.426000,2023-08-16T08:00:23.807670Z,1475,C2BFG2BR,1265,English,32,Male,White,United Kingdom,United Kingdom,United Kingdom,English,No,Full-Time
64dc7c5f2ac0a69ca4696226,55b78162fdf99b0416ce544e,APPROVED,2023-08-16T07:39:07.583000Z,2023-08-16T07:59:12.307000Z,2023-08-16T15:07:20.569000,2023-08-16T07:59:14.477625Z,1205,C2BFG2BR,1615,English,48,Female,White,United Kingdom,United Kingdom,United Kingdom,English,No,Other
64dc7c63de5d1fe09df02f89,5ffa12927eb1463a5c45b788,APPROVED,2023-08-16T07:36:13.802000Z,2023-08-16T07:54:20.317000Z,2023-08-16T15:07:20.718000,2023-08-16T07:54:20.745069Z,1087,C2BFG2BR,638,English,41,Female,White,United Kingdom,United Kingdom,United Kingdom,English,No,Full-Time
64dc7c6922e0e5d178a08dc2,5aa836d6f053610001728189,APPROVED,2023-08-16T07:37:45.904000Z,2023-08-16T08:03:08.238000Z,2023-08-16T15:07:20.875000,2023-08-16T08:03:08.813574Z,1523,C2BFG2BR,637,English,41,Female,White,United Kingdom,United Kingdom,United Kingdom,English,No,DATA_EXPIRED
64dc7c6aed90c03ed71270e7,6140bf6523a8f20a2ea1e417,APPROVED,2023-08-16T07:36:16.879000Z,2023-08-16T08:04:46.833000Z,2023-08-16T15:07:21.016000,2023-08-16T08:04:47.428482Z,1710,C2BFG2BR,1095,English,51,Male,White,United Kingdom,United Kingdom,United Kingdom,English,No,Full-Time
64dc7c738b5e45769dd3ce0d,5955578c868d3100010cfa1a,APPROVED,2023-08-16T07:36:29.786000Z,2023-08-16T07:55:27.717000Z,2023-08-16T15:37:13.316000,2023-08-16T07:55:28.713558Z,1138,NOCODE,1629,"English, Hungarian",39,Female,White,Hungary,United Kingdom,United Kingdom,Hungarian,No,Part-Time
64dc7c750db31b126fbe898e,63f1bdcac90b79cd273a2d5c,APPROVED,2023-08-16T07:36:33.386000Z,2023-08-16T07:59:38.942000Z,2023-08-16T15:07:21.172000,2023-08-16T07:59:39.423238Z,1386,C2BFG2BR,120,English,20,Male,White,United Kingdom,United Kingdom,United Kingdom,English,Yes,Unemployed (and job seeking)
64dc7c78807e6bcc56f75cde,5f3be0f027d97397cfc8a000,APPROVED,2023-08-16T07:36:47.874000Z,2023-08-16T07:52:55.498000Z,2023-08-16T15:07:21.321000,2023-08-16T07:52:56.006901Z,968,C2BFG2BR,697,"Danish, English, Norwegian, Swedish",26,Male,White,Norway,United Kingdom,Norway,Norwegian,No,Full-Time
64dc7c7c88eef70a32feb17c,610a879e6500d1d653b3da54,APPROVED,2023-08-16T07:36:31.021000Z,2023-08-16T07:57:57.550000Z,2023-08-16T15:07:21.455000,2023-08-16T07:57:58.109674Z,1287,C2BFG2BR,1381,English,55,Male,White,United Kingdom,United Kingdom,United Kingdom,English,No,"Not in paid work (e.g. homemaker', 'retired or disabled)"
64dc7c7caf8ed5d2580334a7,5b1e614fbd262e0001491796,APPROVED,2023-08-16T07:36:31.748000Z,2023-08-16T08:06:05.882000Z,2023-08-16T15:07:21.611000,2023-08-16T08:06:06.352694Z,1775,C2BFG2BR,927,English,39,Female,White,United Kingdom,United Kingdom,United Kingdom,English,No,Part-Time
64dc7c8712bc9838b71f2148,5db5f2196a72a3000cc54aa4,APPROVED,2023-08-16T07:36:50.032000Z,2023-08-16T07:55:46.681000Z,2023-08-16T15:07:21.763000,2023-08-16T07:55:47.360132Z,1137,C2BFG2BR,485,English,48,Female,White,United Kingdom,United Kingdom,United Kingdom,English,Yes,Unemployed (and job seeking)
64dc7c8eaf21463242e2ed34,62da689228c4a8004c8d789d,APPROVED,2023-08-16T07:41:31.037000Z,2023-08-16T07:58:19.659000Z,2023-08-16T15:07:21.936000,2023-08-16T07:58:20.080801Z,1009,C2BFG2BR,464,"Chinese, English, Malay",27,Female,Asian,Malaysia,United Kingdom,Malaysia,English,DATA_EXPIRED,DATA_EXPIRED
64dc7c92e20c1d6b74a08da3,5d6bfd6f3a9682001bd62534,APPROVED,2023-08-16T07:36:56.494000Z,2023-08-16T08:03:29.339000Z,2023-08-16T15:07:22.103000,2023-08-16T08:03:29.978516Z,1593,C2BFG2BR,697,English,49,Female,White,United Kingdom,United Kingdom,United Kingdom,English,No,Full-Time
64dc7c953314e6750d2ae994,5ca48653ed23650001328d9d,APPROVED,2023-08-16T07:36:55.501000Z,2023-08-16T07:56:47.002000Z,2023-08-16T15:07:22.255000,2023-08-16T07:56:47.492699Z,1192,C2BFG2BR,1620,English,43,Female,White,United Kingdom,United Kingdom,United Kingdom,English,Yes,Full-Time
64dc7c96321d9c6c9ffbb64f,60d4e8fcdb1959ca6fd4dfdd,APPROVED,2023-08-16T07:37:01.847000Z,2023-08-16T08:06:37.195000Z,2023-08-16T15:07:22.392000,2023-08-16T08:06:37.692331Z,1776,C2BFG2BR,466,English,48,Female,White,United Kingdom,United Kingdom,United Kingdom,English,No,Full-Time
64dc7c9aae035b106c2eb100,6389bd5d820b83080e2fc60a,APPROVED,2023-08-16T07:37:02.333000Z,2023-08-16T07:55:40.152000Z,2023-08-16T15:53:42.480000,2023-08-16T07:55:40.593182Z,1118,NOCODE,357,English,59,Female,White,United Kingdom,United Kingdom,United Kingdom,English,No,Full-Time
64dc7cad63a4fd7ffd42da22,5e4db49d96e3c32079f64790,APPROVED,2023-08-16T07:37:17.004000Z,2023-08-16T07:55:15.997000Z,2023-08-16T15:07:22.540000,2023-08-16T07:55:16.534537Z,1079,C2BFG2BR,1789,English,53,Female,White,United Kingdom,United Kingdom,United Kingdom,English,No,Full-Time
64dc7cb004826b18df2da83c,5ca356cb72a23200160ce912,APPROVED,2023-08-16T07:41:00.896000Z,2023-08-16T08:01:26.765000Z,2023-08-16T15:07:22.687000,2023-08-16T08:01:29.030542Z,1226,C2BFG2BR,1115,English,40,Female,White,United Kingdom,United Kingdom,United Kingdom,English,No,"Not in paid work (e.g. homemaker', 'retired or disabled)"
64dc7cb1d51aec2c7bc5471b,62ebcfeb8e3a52c0591fd10c,APPROVED,2023-08-16T07:37:31.381000Z,2023-08-16T08:07:57.707000Z,2023-08-16T15:07:22.816000,2023-08-16T08:07:58.221534Z,1827,C2BFG2BR,861,English,31,Male,White,Cyprus,United Kingdom,United Kingdom,English,No,Full-Time
64dc7cb512bc9838b71f2151,5ea0141f476817000946fdc5,APPROVED,2023-08-16T07:37:31.943000Z,2023-08-16T08:04:18.690000Z,2023-08-16T15:07:22.981000,2023-08-16T08:04:19.166603Z,1607,C2BFG2BR,1072,English,64,Female,White,United Kingdom,United Kingdom,United Kingdom,English,No,"Not in paid work (e.g. homemaker', 'retired or disabled)"
64dc7cb8c3e124618b4411c8,6082aa29c655ceb5b313bc03,APPROVED,2023-08-16T07:37:32.591000Z,2023-08-16T08:07:48.490000Z,2023-08-16T15:07:23.151000,2023-08-16T08:07:49.267952Z,1816,C2BFG2BR,355,"English, French",34,Male,Black,Cameroon,United Kingdom,Cameroon,English,No,Full-Time
64dc7cbb847bd98900133bee,61313bcdc465b84422b2246f,APPROVED,2023-08-16T07:37:34.037000Z,2023-08-16T07:53:50.123000Z,2023-08-16T15:07:23.303000,2023-08-16T07:53:50.590189Z,977,C2BFG2BR,509,English,22,Female,White,United Kingdom,United Kingdom,United Kingdom,English,Yes,Part-Time
64dc7cc11d0cef07606f0a3c,62729ff6b6e5922c7cc5f2dd,APPROVED,2023-08-16T07:37:40.996000Z,2023-08-16T07:59:09.407000Z,2023-08-16T15:07:23.481000,2023-08-16T07:59:09.924098Z,1289,C2BFG2BR,540,English,51,Female,White,United Kingdom,United Kingdom,United Kingdom,English,No,DATA_EXPIRED
64dc7cc2807e6bcc56f75d06,632892646eb1fff474584dd7,APPROVED,2023-08-16T07:37:40.768000Z,2023-08-16T08:02:02.329000Z,2023-08-16T15:07:23.641000,2023-08-16T08:02:02.851935Z,1462,C2BFG2BR,653,English,45,Male,White,United Kingdom,United Kingdom,United Kingdom,English,No,DATA_EXPIRED
64dc7cc840f663fcc38a3d53,5f43c9fbe038cc0b2deb75d8,APPROVED,2023-08-16T07:37:57.522000Z,2023-08-16T07:59:25.787000Z,2023-08-16T15:07:24.178000,2023-08-16T07:59:26.296215Z,1289,C2BFG2BR,427,English,50,Female,White,United Kingdom,United Kingdom,United Kingdom,English,No,Full-Time
64dc7cc9792e1824bf53d2ba,613b26e292cabf1dbe46791f,APPROVED,2023-08-16T07:37:47.300000Z,2023-08-16T07:54:51.587000Z,2023-08-16T15:07:24.321000,2023-08-16T07:54:52.117723Z,1025,C2BFG2BR,606,"English, French, Italian, Romanian",35,Male,White,Romania,United Kingdom,Romania,Romanian,DATA_EXPIRED,DATA_EXPIRED
64dc7ccdad403bec63a1d418,602e88f43a3b7aa44bf522e6,APPROVED,2023-08-16T07:37:59.526000Z,2023-08-16T08:37:33.438000Z,2023-08-16T15:07:24.452000,2023-08-16T08:37:33.913773Z,3574,C2BFG2BR,376,English,40,Male,Black,Zimbabwe,United Kingdom,United Kingdom,English,DATA_EXPIRED,DATA_EXPIRED
64dc7cce792e1824bf53d2bb,63ed0d97a93096d3dbfe8a3f,APPROVED,2023-08-16T07:37:50.433000Z,2023-08-16T08:11:44.992000Z,2023-08-16T15:07:24.588000,2023-08-16T08:11:45.447737Z,2035,C2BFG2BR,375,English,45,Male,White,United Kingdom,United Kingdom,United Kingdom,English,No,Full-Time
64dc7cd0aa9367f4d27f3766,610708c5efbf18e4295facc3,APPROVED,2023-08-16T07:46:01.284000Z,2023-08-16T08:05:13.105000Z,2023-08-16T15:07:24.733000,2023-08-16T08:05:13.588358Z,1152,C2BFG2BR,728,"English, German",44,Female,White,United Kingdom,United Kingdom,United Kingdom,English,No,Full-Time
64dc7cd28eba779b58e2ece4,64874ebb817e22a5cb2f325f,APPROVED,2023-08-16T07:38:09.445000Z,2023-08-16T08:49:19.126000Z,2023-08-16T15:07:24.888000,2023-08-16T08:49:19.677195Z,4270,C2BFG2BR,121,English,60,Male,White,United Kingdom,United Kingdom,United Kingdom,English,No,Full-Time
64dc7cd470d1e514aee1fcf1,64842d97a58fd50e158fd482,APPROVED,2023-08-16T07:39:26.787000Z,2023-08-16T08:08:19.683000Z,2023-08-16T15:07:25.060000,2023-08-16T08:08:20.665125Z,1733,C2BFG2BR,119,English,48,Female,White,United Kingdom,United Kingdom,United Kingdom,English,No,Full-Time
64dc7cdc1b80bd7d356f0a83,5f1acaacc1b4612139b0619f,APPROVED,2023-08-16T07:39:22.552000Z,2023-08-16T07:58:40.305000Z,2023-08-16T15:07:25.240000,2023-08-16T07:58:40.812920Z,1158,C2BFG2BR,1181,English,41,Female,White,United Kingdom,United Kingdom,United Kingdom,English,Yes,"Not in paid work (e.g. homemaker', 'retired or disabled)"
64dc7ce27ecbf1e2d286475a,61070ee93bf05ad543b51759,APPROVED,2023-08-16T07:38:14.709000Z,2023-08-16T07:57:32.099000Z,2023-08-16T15:07:25.398000,2023-08-16T07:57:32.594763Z,1158,C2BFG2BR,27,"English, Swedish, Norwegian",27,Female,White,Sweden,United Kingdom,Sweden,Swedish,No,Full-Time
64dc7ce6cd581e52bf779d94,5e9c8fed2d191903edc5d16b,APPROVED,2023-08-16T07:38:18.830000Z,2023-08-16T08:05:22.768000Z,2023-08-16T15:07:25.526000,2023-08-16T08:05:23.279307Z,1624,C2BFG2BR,255,English,36,Male,Black,Nigeria,United Kingdom,Nigeria,English,DATA_EXPIRED,DATA_EXPIRED
64dc7cefa440b7cd48ade3b9,594e2bb7a402220001d84067,APPROVED,2023-08-16T07:41:21.662000Z,2023-08-16T08:10:27.553000Z,2023-08-16T15:07:25.655000,2023-08-16T08:10:28.054779Z,1746,C2BFG2BR,2418,English,36,Male,White,United Kingdom,United Kingdom,United Kingdom,English,No,Full-Time
64dc7cf31a8da31a47b5d4a8,6146f8473af59b2f858aa2f2,APPROVED,2023-08-16T07:38:30.187000Z,2023-08-16T07:57:46.179000Z,2023-08-16T15:07:25.806000,2023-08-16T07:57:46.692351Z,1156,C2BFG2BR,848,English,44,Female,White,United Kingdom,United Kingdom,United Kingdom,English,No,Full-Time
64dc7cf4cd581e52bf779d98,5c2f6d25e38ccd0001caab19,APPROVED,2023-08-16T07:38:34.086000Z,2023-08-16T08:02:54.086000Z,2023-08-16T15:07:25.969000,2023-08-16T08:02:54.503744Z,1460,C2BFG2BR,1306,English,45,Male,White,United Kingdom,United Kingdom,United Kingdom,English,No,"Not in paid work (e.g. homemaker', 'retired or disabled)"
64dc7cf7479cdcf15e86de90,5c321ebf6558270001bd79aa,APPROVED,2023-08-16T07:38:31.818000Z,2023-08-16T07:57:06.216000Z,2023-08-16T15:07:26.129000,2023-08-16T07:57:06.727935Z,1115,C2BFG2BR,1620,"English, Danish",43,Male,White,United Kingdom,United Kingdom,United Kingdom,English,No,Full-Time
64dc7cf843899dc768c493b8,5ace11dc35eccf0001a115fe,APPROVED,2023-08-16T07:38:49.180000Z,2023-08-16T08:03:23.445000Z,2023-08-16T15:07:26.287000,2023-08-16T08:03:23.960125Z,1475,C2BFG2BR,2085,English,61,Male,White,United Kingdom,United Kingdom,United Kingdom,English,No,Full-Time
64dc7cfab4bedd2148c86ce0,5db48848cbe43e000c3c6c2d,APPROVED,2023-08-16T07:38:43.288000Z,2023-08-16T07:58:37.560000Z,2023-08-16T15:07:26.445000,2023-08-16T07:58:38.122103Z,1195,C2BFG2BR,1399,English,46,Female,White,United Kingdom,United Kingdom,United Kingdom,English,DATA_EXPIRED,DATA_EXPIRED
64dc7d00b34157f68973269f,5f3eb7a8f14d1312518c5776,APPROVED,2023-08-16T07:38:44.841000Z,2023-08-16T08:03:10.124000Z,2023-08-16T15:07:26.627000,2023-08-16T08:03:10.574697Z,1466,C2BFG2BR,182,English,20,Female,Mixed,United Kingdom,United Kingdom,United Kingdom,English,DATA_EXPIRED,DATA_EXPIRED
64dc7d0179bf61fd774411ad,63874f631a1cdae0188d4e7a,APPROVED,2023-08-16T07:38:41.384000Z,2023-08-16T08:03:35.234000Z,2023-08-16T15:07:26.790000,2023-08-16T08:03:35.723373Z,1494,C2BFG2BR,495,English,59,Female,White,United Kingdom,United Kingdom,United Kingdom,English,No,"Not in paid work (e.g. homemaker', 'retired or disabled)"
64dc7d03c9d0bce4168bcdec,592037296b34af0001e3ec56,APPROVED,2023-08-16T07:42:27.202000Z,2023-08-16T08:11:56.591000Z,2023-08-16T15:07:26.962000,2023-08-16T08:11:57.071206Z,1770,C2BFG2BR,659,"English, Tagalog-Filipino",37,Female,Asian,Philippines,United Kingdom,Philippines,Tagalog-Filipino,No,Part-Time
64dc7d055038957636d3cdd8,5b126ec7c85dc400016220a4,APPROVED,2023-08-16T07:38:48.560000Z,2023-08-16T08:00:45.024000Z,2023-08-16T15:07:27.108000,2023-08-16T08:00:45.508946Z,1317,C2BFG2BR,1647,"Czech, English",30,Female,White,United Kingdom,United Kingdom,United Kingdom,English,Yes,Full-Time
64dc7d09eb1304cbf1f75c9d,5c3d0637e0ea8200014601a4,APPROVED,2023-08-16T07:39:05.940000Z,2023-08-16T07:59:04.986000Z,2023-08-16T15:07:27.259000,2023-08-16T07:59:06.067798Z,1200,C2BFG2BR,962,English,34,Male,White,United Kingdom,United Kingdom,United Kingdom,English,DATA_EXPIRED,DATA_EXPIRED
64dc7d10792e1824bf53d2cd,61688d6c15deec9c3554760e,APPROVED,2023-08-16T07:38:56.401000Z,2023-08-16T08:00:25.815000Z,2023-08-16T15:07:27.397000,2023-08-16T08:00:26.255825Z,1290,C2BFG2BR,576,English,45,Female,White,United Kingdom,United Kingdom,United Kingdom,English,No,Full-Time
64dc7d1a2c6c239c09739ab6,5a102e9dfdf6fc0001279561,APPROVED,2023-08-16T07:39:14.560000Z,2023-08-16T08:01:16.660000Z,2023-08-16T15:07:27.525000,2023-08-16T08:01:17.214804Z,1323,C2BFG2BR,2092,English,38,Male,White,United Kingdom,United Kingdom,United Kingdom,English,No,Full-Time
64dc7d1e5664ea86cae1fcca,5fc63e053cf83c06341ac94a,APPROVED,2023-08-16T07:39:17.794000Z,2023-08-16T08:03:53.656000Z,2023-08-16T15:07:27.655000,2023-08-16T08:03:54.147152Z,1476,C2BFG2BR,896,English,49,Female,White,United Kingdom,United Kingdom,United Kingdom,English,DATA_EXPIRED,DATA_EXPIRED
64dc7d26e573ae18ef7326cb,5d8b35eebb2405000106ff4a,APPROVED,2023-08-16T07:43:10.127000Z,2023-08-16T08:05:34.893000Z,2023-08-16T15:07:27.785000,2023-08-16T08:05:35.716037Z,1345,C2BFG2BR,519,English,61,Female,White,United Kingdom,United Kingdom,United Kingdom,English,DATA_EXPIRED,DATA_EXPIRED
64dc7d2cfbb02c379c4e572f,63e52eba784c6096179a9337,APPROVED,2023-08-16T07:39:29.552000Z,2023-08-16T07:56:09.144000Z,2023-08-16T15:07:27.941000,2023-08-16T07:56:09.550139Z,1000,C2BFG2BR,233,English,44,Male,White,United Kingdom,United Kingdom,United Kingdom,English,No,Full-Time
64dc7d38b52a5be980b5128a,6266ac01a2a15cce6ed5fba7,APPROVED,2023-08-16T07:43:30.674000Z,2023-08-16T08:16:18.666000Z,2023-08-16T15:07:28.109000,2023-08-16T08:16:19.256998Z,1968,C2BFG2BR,959,English,52,Male,White,United Kingdom,United Kingdom,United Kingdom,English,No,Part-Time
64dc7d3b2cc2e184b3a08d98,5ea20fd571038c119083a8df,APPROVED,2023-08-16T07:39:45.014000Z,2023-08-16T08:07:54.207000Z,2023-08-16T15:07:28.274000,2023-08-16T08:07:54.800754Z,1690,C2BFG2BR,1467,English,65,Female,Black,United Kingdom,United Kingdom,United Kingdom,English,No,Other
64dc7d43d4f526003d779d4a,60fec3441bfba411416b4925,RETURNED,2023-08-16T07:40:03.869000Z,2023-08-16T08:43:51.897000Z,,2023-08-16T08:43:52.841000Z,,NOCODE,89,CONSENT_REVOKED,CONSENT_REVOKED,CONSENT_REVOKED,CONSENT_REVOKED,CONSENT_REVOKED,CONSENT_REVOKED,CONSENT_REVOKED,CONSENT_REVOKED,CONSENT_REVOKED,CONSENT_REVOKED
64dc7d485c5711870ec86ce0,640485331e13a7bfa4a43d46,APPROVED,2023-08-16T07:39:59.649000Z,2023-08-16T07:56:34.297000Z,2023-08-16T15:07:28.424000,2023-08-16T07:56:34.785658Z,995,C2BFG2BR,281,English,28,Male,White,United Kingdom,United Kingdom,United Kingdom,English,No,Full-Time
64dc7d507a5e5ac3952eb0f0,5ac0eabce1546900019bd744,APPROVED,2023-08-16T07:40:05.605000Z,2023-08-16T08:07:02.516000Z,2023-08-16T15:07:28.561000,2023-08-16T08:07:02.983567Z,1617,C2BFG2BR,1098,English,64,Female,White,United Kingdom,United Kingdom,United Kingdom,English,No,"Not in paid work (e.g. homemaker', 'retired or disabled)"
64dc7d508fa1dd5cafe6c0f5,610ba21888a1a943ce9c7a0d,APPROVED,2023-08-16T07:40:03.652000Z,2023-08-16T08:02:48.473000Z,2023-08-16T15:07:28.703000,2023-08-16T08:02:49.045289Z,1365,C2BFG2BR,336,English,53,Female,White,United Kingdom,United Kingdom,United Kingdom,English,No,Full-Time
64dc7d55ad403bec63a1d43f,63ebc2bce05579ac6b13affc,APPROVED,2023-08-16T07:41:11.515000Z,2023-08-16T08:38:49.666000Z,2023-08-16T15:07:28.845000,2023-08-16T08:38:50.160628Z,3459,C2BFG2BR,278,"Chinese, English, Mandarin, Cantonese",33,Female,Asian,China,United Kingdom,China,Chinese,No,Part-Time
64dc7d567a6b0686ea53d296,5ae8a935eb922200018fd0f3,APPROVED,2023-08-16T07:40:10.465000Z,2023-08-16T08:00:57.579000Z,2023-08-16T15:07:28.989000,2023-08-16T08:00:58.352670Z,1248,C2BFG2BR,1149,English,61,Female,White,United Kingdom,United Kingdom,United Kingdom,English,No,Part-Time
64dc7d574ff8778d6642da08,60d1efc9559f8afb8e315638,APPROVED,2023-08-16T07:40:18.815000Z,2023-08-16T08:01:54.480000Z,2023-08-16T15:07:29.170000,2023-08-16T08:01:54.976301Z,1296,C2BFG2BR,630,English,51,Male,White,United Kingdom,United Kingdom,United Kingdom,English,No,Full-Time
64dc7d5a7a5e5ac3952eb0f1,5daf3ba02b35810016d8d97d,APPROVED,2023-08-16T07:40:14.199000Z,2023-08-16T07:58:27.706000Z,2023-08-16T15:07:29.338000,2023-08-16T07:58:28.244736Z,1094,C2BFG2BR,559,English,40,Female,White,United Kingdom,United Kingdom,United Kingdom,English,No,Full-Time
64dc7d5a7a6b0686ea53d29c,5aec1707c09cd900015d7408,APPROVED,2023-08-16T07:40:17.134000Z,2023-08-16T07:57:39.630000Z,2023-08-16T15:07:29.479000,2023-08-16T07:57:40.414474Z,1043,C2BFG2BR,1185,English,59,Male,White,United Kingdom,United Kingdom,United Kingdom,English,Yes,Unemployed (and job seeking)
64dc7d5b60510beb19e2ece9,5c584e854e32ef00014af685,APPROVED,2023-08-16T07:40:14.777000Z,2023-08-16T07:54:25.703000Z,2023-08-16T15:07:29.613000,2023-08-16T07:54:26.163373Z,851,C2BFG2BR,948,English,27,Female,White,Poland,United Kingdom,United Kingdom,Polish,No,Full-Time
64dc7d6b2ac0a69ca4696268,5996f68a9039240001432124,APPROVED,2023-08-16T07:40:33.257000Z,2023-08-16T07:58:27.748000Z,2023-08-16T15:07:29.761000,2023-08-16T07:58:28.218278Z,1075,C2BFG2BR,1491,English,35,Female,White,United Kingdom,United Kingdom,United Kingdom,English,No,Full-Time
64dc7d735664ea86cae1fce0,5d598acfe9d3b900212193d7,APPROVED,2023-08-16T07:42:54.080000Z,2023-08-16T08:08:02.525000Z,2023-08-16T15:07:29.915000,2023-08-16T08:08:02.947810Z,1509,C2BFG2BR,273,English,59,Female,White,United Kingdom,United Kingdom,United Kingdom,English,No,DATA_EXPIRED
64dc7d767fbf6820418b8b30,62b055edf6ce67b0502628ed,APPROVED,2023-08-16T07:40:40.995000Z,2023-08-16T07:54:27.717000Z,2023-08-16T15:07:30.053000,2023-08-16T07:54:28.455978Z,827,C2BFG2BR,752,English,36,Male,White,United Kingdom,United Kingdom,United Kingdom,English,No,Full-Time
64dc7d78b34157f6897326c4,64072991baa43f8196e81f29,APPROVED,2023-08-16T07:40:47.326000Z,2023-08-16T08:08:27.136000Z,2023-08-16T15:07:30.209000,2023-08-16T08:08:27.639367Z,1660,C2BFG2BR,334,English,51,Female,White,United Kingdom,United Kingdom,United Kingdom,English,No,Full-Time
64dc7d797a6b0686ea53d2b0,62cbe9cf46e97288fedcc91a,APPROVED,2023-08-16T07:41:36.415000Z,2023-08-16T08:02:37.700000Z,2023-08-16T15:07:30.346000,2023-08-16T08:02:38.245135Z,1262,C2BFG2BR,168,English,37,Female,White,United Kingdom,United Kingdom,United Kingdom,English,No,Part-Time
64dc7d7db112f1d2aaa1d3f1,5dd3df439ca8a33c3460fe11,APPROVED,2023-08-16T07:42:13.023000Z,2023-08-16T08:03:05.515000Z,2023-08-16T15:07:30.484000,2023-08-16T08:03:07.378227Z,1253,C2BFG2BR,763,English,35,Female,White,United Kingdom,United Kingdom,United Kingdom,English,DATA_EXPIRED,DATA_EXPIRED
64dc7d89fcd9bc44da8a3d48,64834d96c668b041fea4e9cf,APPROVED,2023-08-16T07:42:56.606000Z,2023-08-16T08:07:00.622000Z,2023-08-16T15:07:30.652000,2023-08-16T08:07:01.095163Z,1445,C2BFG2BR,125,English,54,Female,White,United Kingdom,United Kingdom,United Kingdom,English,No,"Not in paid work (e.g. homemaker', 'retired or disabled)"
64dc7d8c00e26c1ae086472b,5f200a9ae4a314270ab24cff,APPROVED,2023-08-16T07:41:06.227000Z,2023-08-16T08:11:14.032000Z,2023-08-16T15:07:30.844000,2023-08-16T08:11:14.517073Z,1808,C2BFG2BR,435,English,60,Female,White,United Kingdom,United Kingdom,United Kingdom,English,No,Full-Time
64dc7d9e7b02033fd7e2ecc1,63dab24ece887158c2adb6d7,RETURNED,2023-08-16T07:41:53.693000Z,2023-08-16T08:00:30.725000Z,,2023-08-16T08:00:31.883000Z,,NOCODE,441,CONSENT_REVOKED,CONSENT_REVOKED,CONSENT_REVOKED,CONSENT_REVOKED,CONSENT_REVOKED,CONSENT_REVOKED,CONSENT_REVOKED,CONSENT_REVOKED,CONSENT_REVOKED,CONSENT_REVOKED
64dc7da1e5aeabc44b864767,636a30e7ba4faca50bd10fcf,APPROVED,2023-08-16T07:41:29.237000Z,2023-08-16T08:10:26.690000Z,2023-08-16T15:07:30.983000,2023-08-16T08:10:27.256710Z,1738,C2BFG2BR,58,"English, French, Romanian",51,Female,White,Romania,United Kingdom,France,French,No,DATA_EXPIRED
64dc7da45c5711870ec86cfd,5ce740c8636a5b0018f55968,APPROVED,2023-08-16T07:41:28.278000Z,2023-08-16T08:05:48.406000Z,2023-08-16T15:07:31.131000,2023-08-16T08:05:49.020641Z,1461,C2BFG2BR,1891,English,61,Male,White,United Kingdom,United Kingdom,United Kingdom,English,No,Full-Time
64dc7db68c715a9620739a84,57fde8979c39b3000179e347,APPROVED,2023-08-16T07:41:48.830000Z,2023-08-16T08:09:29.649000Z,2023-08-16T15:07:31.260000,2023-08-16T08:09:30.069160Z,1661,C2BFG2BR,2074,English,57,Female,White,United Kingdom,United Kingdom,United Kingdom,English,No,"Not in paid work (e.g. homemaker', 'retired or disabled)"
64dc7db8e8c79331eb2da865,59f392ef9618dc0001d33a58,APPROVED,2023-08-16T07:41:43.998000Z,2023-08-16T08:00:18.529000Z,2023-08-16T15:07:31.436000,2023-08-16T08:00:19.048124Z,1115,C2BFG2BR,1374,English,40,Female,White,United Kingdom,United Kingdom,United Kingdom,English,No,Part-Time
64dc7dbd03c3f74a1f133b9c,5e258b8b3d2e1b7e12b4ebda,APPROVED,2023-08-16T07:41:53.676000Z,2023-08-16T08:03:40.572000Z,2023-08-16T15:07:31.566000,2023-08-16T08:03:41.064215Z,1307,C2BFG2BR,1274,English,61,Female,White,United Kingdom,United Kingdom,United Kingdom,English,No,Full-Time
64dc7dc4fcf2642c89e295c6,5f3a7e7b3a55e009ff81175e,APPROVED,2023-08-16T07:42:01.471000Z,2023-08-16T08:02:36.272000Z,2023-08-16T15:07:31.707000,2023-08-16T08:02:36.773320Z,1235,C2BFG2BR,1070,English,31,Female,White,United Kingdom,United Kingdom,United Kingdom,English,No,Unemployed (and job seeking)
64dc7dc754e17fa3494411ba,60ddf72ef11f891328449fb0,APPROVED,2023-08-16T07:41:59.926000Z,2023-08-16T08:01:06.107000Z,2023-08-16T15:07:31.842000,2023-08-16T08:01:06.837364Z,1147,C2BFG2BR,761,English,24,Female,White,United Kingdom,United Kingdom,United Kingdom,English,Yes,Full-Time
64dc7dcaed9d66855003346a,5dbcaecb740cc224d8d0985e,APPROVED,2023-08-16T07:42:07.891000Z,2023-08-16T08:07:26.893000Z,2023-08-16T15:07:31.973000,2023-08-16T08:07:27.562504Z,1520,C2BFG2BR,762,English,42,Female,White,United Kingdom,United Kingdom,United Kingdom,English,DATA_EXPIRED,DATA_EXPIRED
64dc7dcd7aadb8a0fe86deb6,634bd25388a86856529729a4,APPROVED,2023-08-16T07:42:54.392000Z,2023-08-16T08:05:51.318000Z,2023-08-16T15:07:32.138000,2023-08-16T08:05:51.761736Z,1377,C2BFG2BR,280,"English, Italian",28,Male,White,Italy,United Kingdom,Italy,Italian,No,Full-Time
64dc7dd51e71c1d50c779db3,64087b8444f656e9e2b74446,APPROVED,2023-08-16T07:43:16.375000Z,2023-08-16T08:13:29.353000Z,2023-08-16T15:07:32.275000,2023-08-16T08:13:29.863470Z,1813,C2BFG2BR,55,English,54,Male,Black,Nigeria,United Kingdom,Nigeria,English,No,"Not in paid work (e.g. homemaker', 'retired or disabled)"
64dc7dd5fcf2642c89e295ca,5fcfb1fe79b8060e0662270a,APPROVED,2023-08-16T07:42:17.798000Z,2023-08-16T08:20:19.420000Z,2023-08-16T15:07:32.443000,2023-08-16T08:20:20.020018Z,2282,C2BFG2BR,1221,English,55,Female,White,United Kingdom,United Kingdom,United Kingdom,English,No,DATA_EXPIRED
64dc7de2b81681ffc42ae982,5956697216b84c00012b9e72,APPROVED,2023-08-16T07:42:36.639000Z,2023-08-16T08:14:51.192000Z,2023-08-16T15:07:32.579000,2023-08-16T08:14:51.632464Z,1935,C2BFG2BR,434,English,29,Female,Black,United Kingdom,United Kingdom,United Kingdom,English,No,"Not in paid work (e.g. homemaker', 'retired or disabled)"
64dc7de45038957636d3ce13,59e675a6c0d35a00012951ce,APPROVED,2023-08-16T07:42:28.333000Z,2023-08-16T08:12:36.871000Z,2023-08-16T15:07:32.721000,2023-08-16T08:12:37.483300Z,1809,C2BFG2BR,1150,English,48,Female,White,United Kingdom,United Kingdom,United Kingdom,English,DATA_EXPIRED,DATA_EXPIRED
64dc7de57aadb8a0fe86dec2,63d79f249b2729d9dd3c48ce,APPROVED,2023-08-16T07:42:34.263000Z,2023-08-16T08:03:32.870000Z,2023-08-16T15:07:32.858000,2023-08-16T08:03:33.371692Z,1259,C2BFG2BR,296,English,46,Male,White,United Kingdom,United Kingdom,United Kingdom,English,DATA_EXPIRED,DATA_EXPIRED
64dc7defc2a18053d6b5d4cb,5fbc110869611208d6fd29da,APPROVED,2023-08-16T07:43:05.196000Z,2023-08-16T08:06:35.975000Z,2023-08-16T15:07:33.005000,2023-08-16T08:06:36.506639Z,1411,C2BFG2BR,745,English,64,Female,White,United Kingdom,United Kingdom,United Kingdom,English,No,"Not in paid work (e.g. homemaker', 'retired or disabled)"
64dc7df14ff8778d6642da32,5eadabbb7f633d08f25db536,APPROVED,2023-08-16T07:42:54.431000Z,2023-08-16T08:01:18.488000Z,2023-08-16T15:07:33.135000,2023-08-16T08:01:19.533194Z,1105,C2BFG2BR,495,English,27,Female,White,United Kingdom,United Kingdom,United Kingdom,English,Yes,Other
64dc7df593b2ef5a07ade390,6458fe267afe71c7aa4de260,APPROVED,2023-08-16T07:42:45.733000Z,2023-08-16T08:02:33.830000Z,2023-08-16T15:07:33.264000,2023-08-16T08:02:34.349120Z,1189,C2BFG2BR,215,English,40,Female,White,United Kingdom,United Kingdom,United Kingdom,English,No,Part-Time
64dc7df8fbb02c379c4e5762,59497c498fb2140001afda85,APPROVED,2023-08-16T07:43:00.774000Z,2023-08-16T08:23:42.583000Z,2023-08-16T15:07:33.410000,2023-08-16T08:23:43.109097Z,2442,C2BFG2BR,1092,English,30,Female,White,United Kingdom,United Kingdom,United Kingdom,English,DATA_EXPIRED,DATA_EXPIRED
64dc7e031e71c1d50c779dc3,59ba6e9162b30d0001b7acab,APPROVED,2023-08-16T07:43:13.090000Z,2023-08-16T08:34:37.937000Z,2023-08-16T15:07:33.550000,2023-08-16T08:34:38.538897Z,3085,C2BFG2BR,392,"English, Latvian",33,Female,White,Latvia,United Kingdom,Latvia,Latvian,No,Part-Time
64dc7e07bd8f1d06ebe1fce1,636a64b9de83082028122c63,APPROVED,2023-08-16T07:43:16.046000Z,2023-08-16T08:10:14.250000Z,2023-08-16T15:07:33.688000,2023-08-16T08:10:14.698595Z,1619,C2BFG2BR,558,English,49,Female,White,United Kingdom,United Kingdom,United Kingdom,English,DATA_EXPIRED,"Not in paid work (e.g. homemaker', 'retired or disabled)"
64dc7e0fe78443ba51b5d4a3,5de8d181a91be383f644bd8c,APPROVED,2023-08-16T07:43:11.123000Z,2023-08-16T07:56:31.705000Z,2023-08-16T15:07:33.834000,2023-08-16T07:56:32.118653Z,801,C2BFG2BR,87,English,35,Male,White,United Kingdom,United Kingdom,United Kingdom,English,DATA_EXPIRED,DATA_EXPIRED
64dc7e19eb1304cbf1f75ced,60967660853e8fcaf410748b,APPROVED,2023-08-16T07:43:21.216000Z,2023-08-16T08:00:24.313000Z,2023-08-16T15:07:33.986000,2023-08-16T08:00:26.650621Z,1024,C2BFG2BR,1232,English,32,Male,White,United Kingdom,United Kingdom,United Kingdom,English,No,Full-Time
64dc7e21ed9d66855003348f,5d8272296cca0b001759f562,APPROVED,2023-08-16T07:43:29.378000Z,2023-08-16T08:16:52.865000Z,2023-08-16T15:07:34.121000,2023-08-16T08:16:53.380777Z,2004,C2BFG2BR,1533,English,40,Female,White,United Kingdom,United Kingdom,United Kingdom,English,No,Part-Time
64dc7e27ad91d76cb42eb0c7,63d18330964d8e7f0f14164d,APPROVED,2023-08-16T07:43:40.696000Z,2023-08-16T08:09:47.288000Z,2023-08-16T15:07:34.258000,2023-08-16T08:09:47.720135Z,1567,C2BFG2BR,381,"Bengali, English, Hindi, Urdu",35,Male,Asian,Bangladesh,United Kingdom,United Kingdom,English,No,Part-Time
64dc7e2ab080931385feb1ce,5d88fa49c6bd1b00180fea8a,APPROVED,2023-08-16T07:43:44.476000Z,2023-08-16T08:16:48.165000Z,2023-08-16T15:07:34.387000,2023-08-16T08:16:48.717708Z,1984,C2BFG2BR,59,English,52,Female,White,United Kingdom,United Kingdom,United Kingdom,English,No,"Not in paid work (e.g. homemaker', 'retired or disabled)"
64dc7e2c11ceb89b77a08da1,627e7e91d0e389328983e765,APPROVED,2023-08-16T07:43:40.057000Z,2023-08-16T08:04:34.126000Z,2023-08-16T15:07:34.525000,2023-08-16T08:04:34.632126Z,1255,C2BFG2BR,1012,English,52,Male,White,United Kingdom,United Kingdom,United Kingdom,English,No,Full-Time
64dc7e2de7d73c8f3e8b8b25,5dbeff1694f30b3a8f57dfd9,APPROVED,2023-08-16T07:43:56.562000Z,2023-08-16T08:09:03.609000Z,2023-08-16T15:07:34.668000,2023-08-16T08:09:04.118211Z,1508,C2BFG2BR,298,English,47,Female,White,United Kingdom,United Kingdom,United Kingdom,English,No,"Not in paid work (e.g. homemaker', 'retired or disabled)"
64dc7e2e4ccf48d25f8bce26,63f79034370a105d5d57d9bd,APPROVED,2023-08-16T07:43:42.417000Z,2023-08-16T08:05:24.374000Z,2023-08-16T15:07:34.807000,2023-08-16T08:05:24.914141Z,1302,C2BFG2BR,242,English,37,Male,White,United Kingdom,United Kingdom,United Kingdom,English,No,"Not in paid work (e.g. homemaker', 'retired or disabled)"
64dc7e2e77a80cefdd86de8e,5b2a2d855b5c0900018b0bf5,APPROVED,2023-08-16T07:43:52.868000Z,2023-08-16T08:08:20.830000Z,2023-08-16T15:07:35.052000,2023-08-16T08:08:21.313231Z,1468,C2BFG2BR,2319,English,47,Female,White,United Kingdom,United Kingdom,United Kingdom,English,No,Full-Time
64dc7e2f11ceb89b77a08da3,56e59ae1b2093a000c4f138d,APPROVED,2023-08-16T07:43:47.447000Z,2023-08-16T08:06:51.846000Z,2023-08-16T15:07:35.228000,2023-08-16T08:06:52.360962Z,1385,C2BFG2BR,261,English,34,Female,White,United Kingdom,United Kingdom,United Kingdom,English,DATA_EXPIRED,Other
64dc7e32210a0a3e632da83a,63f77aa9a4d7a65bb7a411f8,APPROVED,2023-08-16T07:43:49.527000Z,2023-08-16T08:19:06.177000Z,2023-08-16T15:07:35.379000,2023-08-16T08:19:06.659501Z,2117,C2BFG2BR,189,English,35,Male,White,United Kingdom,United Kingdom,United Kingdom,English,No,Full-Time
64dc7e3411ceb89b77a08da4,616c8c6c8a2b0bd84d21d629,APPROVED,2023-08-16T07:46:10.765000Z,2023-08-16T08:13:10.538000Z,2023-08-16T15:07:35.507000,2023-08-16T08:13:11.184391Z,1620,C2BFG2BR,232,"Bengali, English",20,Male,Asian,United Kingdom,United Kingdom,United Kingdom,English,DATA_EXPIRED,DATA_EXPIRED
64dc7e385038957636d3ce37,5ec3017eea63c51454d3c3dd,APPROVED,2023-08-16T07:44:19.845000Z,2023-08-16T08:19:37.480000Z,2023-08-16T15:07:35.637000,2023-08-16T08:19:38.013551Z,2118,C2BFG2BR,787,English,44,Male,White,United Kingdom,United Kingdom,United Kingdom,English,No,Full-Time
64dc7e3a8d9590ecb369625c,639b6f709020ae5b16daad25,APPROVED,2023-08-16T07:43:58.779000Z,2023-08-16T08:05:43.294000Z,2023-08-16T15:07:35.776000,2023-08-16T08:05:43.754683Z,1305,C2BFG2BR,464,English,51,Male,White,United Kingdom,United Kingdom,United Kingdom,English,No,Full-Time
64dc7e414fa711d3e01f214b,5e25d748cf445f81e521f802,APPROVED,2023-08-16T07:44:10.013000Z,2023-08-16T08:02:11.470000Z,2023-08-16T15:07:35.936000,2023-08-16T08:02:11.870189Z,1082,C2BFG2BR,108,"English, German",56,Female,Mixed,United Kingdom,United Kingdom,United Kingdom,English,No,DATA_EXPIRED
64dc7e44be06836382732687,57faccc03073510001230cfc,APPROVED,2023-08-16T07:44:09.764000Z,2023-08-16T07:56:14.961000Z,2023-08-16T15:55:29.920000,2023-08-16T07:56:15.394126Z,726,NOCODE,321,English,52,Female,White,United Kingdom,United Kingdom,United Kingdom,English,DATA_EXPIRED,Part-Time
64dc7e46201c200f1b779d46,5d2a1b1a4588590018cf6fd4,APPROVED,2023-08-16T07:44:22.338000Z,2023-08-16T08:03:23.712000Z,2023-08-16T15:07:36.089000,2023-08-16T08:03:24.245112Z,1142,C2BFG2BR,753,English,42,Female,White,United Kingdom,United Kingdom,United Kingdom,English,No,Full-Time
64dc7e4ab080931385feb1e3,59269aac7724de000109190f,APPROVED,2023-08-16T07:44:10.042000Z,2023-08-16T08:03:20.582000Z,2023-08-16T15:07:36.247000,2023-08-16T08:03:21.143778Z,1151,C2BFG2BR,1404,English,32,Female,White,United Kingdom,United Kingdom,United Kingdom,English,No,"Not in paid work (e.g. homemaker', 'retired or disabled)"
64dc7e4ec85895763d4e5777,5641c95d17bdbe00102a0b51,APPROVED,2023-08-16T07:44:14.312000Z,2023-08-16T07:59:41.505000Z,2023-08-16T15:07:36.420000,2023-08-16T07:59:42.139683Z,928,C2BFG2BR,1355,English,59,Female,White,United States,United Kingdom,United Kingdom,English,DATA_EXPIRED,DATA_EXPIRED
64dc7e51efbc35fa1e2eb119,5894b2033e061b0001dff3d3,APPROVED,2023-08-16T07:44:28.690000Z,2023-08-16T08:23:18.967000Z,2023-08-16T15:41:33.687000,2023-08-16T08:23:19.430988Z,2331,NOCODE,515,English,36,Female,White,United Kingdom,United Kingdom,United Kingdom,English,No,Full-Time
64dc7e53dbb42702cad3cde5,5b1562981e55760001ba1e64,APPROVED,2023-08-16T07:44:23.762000Z,2023-08-16T08:02:43.818000Z,2023-08-16T15:07:36.571000,2023-08-16T08:02:44.947820Z,1101,C2BFG2BR,1928,English,60,Male,White,United Kingdom,United Kingdom,United Kingdom,English,Yes,"Not in paid work (e.g. homemaker', 'retired or disabled)"
64dc7e53fbb02c379c4e5772,5ec6e7ee42084e12736ac8d6,APPROVED,2023-08-16T07:44:28.165000Z,2023-08-16T08:01:39.350000Z,2023-08-16T15:07:36.721000,2023-08-16T08:01:40.095874Z,1032,C2BFG2BR,178,"Finnish, Norwegian, English, Swedish",31,Female,White,DATA_EXPIRED,United Kingdom,Finland,DATA_EXPIRED,DATA_EXPIRED,DATA_EXPIRED
64dc7e5754e17fa3494411ea,6146fae1e27a56034fdcb5c5,APPROVED,2023-08-16T07:44:27.291000Z,2023-08-16T08:07:14.802000Z,2023-08-16T15:07:36.861000,2023-08-16T08:07:15.418915Z,1368,C2BFG2BR,1143,English,33,Female,White,United Kingdom,United Kingdom,United Kingdom,English,Yes,Full-Time
64dc7e5ae8c79331eb2da897,647849063b9fd9be24803727,APPROVED,2023-08-16T07:44:29.410000Z,2023-08-16T08:15:57.378000Z,2023-08-16T15:07:37.026000,2023-08-16T08:15:57.964233Z,1888,C2BFG2BR,46,English,37,Male,Black,DATA_EXPIRED,United Kingdom,DATA_EXPIRED,English,DATA_EXPIRED,DATA_EXPIRED
64dc7e5fe7d73c8f3e8b8b30,5bcda2ee6fd72000014996e4,APPROVED,2023-08-16T07:44:31.871000Z,2023-08-16T08:08:51.237000Z,2023-08-16T15:07:37.164000,2023-08-16T08:08:52.056404Z,1460,C2BFG2BR,2274,English,38,Male,White,United Kingdom,United Kingdom,United Kingdom,English,No,Full-Time
64dc7e6befbc35fa1e2eb123,5eb9499bcbc2140180e31037,APPROVED,2023-08-16T07:44:46.853000Z,2023-08-16T08:00:58.326000Z,2023-08-16T15:07:37.298000,2023-08-16T08:00:58.946695Z,972,C2BFG2BR,1210,English,40,Female,White,United Kingdom,United Kingdom,United Kingdom,English,No,Unemployed (and job seeking)
64dc7e6dbd8f1d06ebe1fcfd,58545249cceb5b0001e4875a,APPROVED,2023-08-16T07:44:49.477000Z,2023-08-16T08:05:44.531000Z,2023-08-16T15:07:37.437000,2023-08-16T08:05:45.072117Z,1256,C2BFG2BR,532,English,30,Female,White,United Kingdom,United Kingdom,United Kingdom,English,No,Part-Time
64dc7e79463047e8be8a3d6b,5efc6a4ba720250009909dfe,APPROVED,2023-08-16T07:44:57.317000Z,2023-08-16T08:04:43.984000Z,2023-08-16T15:07:37.560000,2023-08-16T08:04:44.612076Z,1187,C2BFG2BR,1730,English,52,Female,White,United Kingdom,United Kingdom,United Kingdom,English,No,Full-Time
64dc7e79a21d25c05cb512ad,6266d1937cec5e7a57883e76,APPROVED,2023-08-16T07:45:15.114000Z,2023-08-16T09:06:18.926000Z,2023-08-16T15:07:37.729000,2023-08-16T09:06:19.452889Z,4864,C2BFG2BR,141,"Arabic, English, Spanish, Japanese",50,Male,Other,United Kingdom,United Kingdom,Morocco,English,No,"Not in paid work (e.g. homemaker', 'retired or disabled)"
64dc7e7a93b2ef5a07ade3c7,5ed403a89542210ab77530b7,APPROVED,2023-08-16T07:45:21.047000Z,2023-08-16T08:06:48.007000Z,2023-08-16T15:07:37.924000,2023-08-16T08:06:48.490128Z,1287,C2BFG2BR,1292,English,30,Male,White,United Kingdom,United Kingdom,United Kingdom,English,No,DATA_EXPIRED
64dc7e8170a266150a12709b,6173c5b0aa4bc2370fd2c1f2,APPROVED,2023-08-16T07:45:14.951000Z,2023-08-16T15:13:37.891000Z,2023-08-16T15:13:38.092000Z,,26903,Manual Completion,783,English,34,Male,White,United Kingdom,United Kingdom,United Kingdom,English,No,Full-Time
64dc7e82e8f6a3b22cc4935f,62b722b5892044fe80d8bdcb,APPROVED,2023-08-16T07:45:11.921000Z,2023-08-16T08:04:14.839000Z,2023-08-16T15:07:38.094000,2023-08-16T08:04:15.400927Z,1143,C2BFG2BR,580,English,65,Male,White,United Kingdom,United Kingdom,United Kingdom,English,No,Full-Time
64dc7e9396ba187eefe1fcd8,640095c783a33710a484adee,APPROVED,2023-08-16T07:49:29.758000Z,2023-08-16T08:13:01.023000Z,2023-08-16T15:07:38.249000,2023-08-16T08:13:01.439053Z,1412,C2BFG2BR,58,"English, French",59,Male,White,France,United Kingdom,France,French,No,Unemployed (and job seeking)
64dc7e957b02033fd7e2ecf9,574c17587fd0ec0006b655cc,APPROVED,2023-08-16T07:45:38.626000Z,2023-08-16T08:11:00.005000Z,2023-08-16T15:07:38.396000,2023-08-16T08:11:00.469162Z,1522,C2BFG2BR,1048,English,37,Male,White,United Kingdom,United Kingdom,United Kingdom,English,No,Full-Time
64dc7e971272034764be896c,5f9eab308e503705011ad793,APPROVED,2023-08-16T07:46:02.055000Z,2023-08-16T08:03:34.421000Z,2023-08-16T15:07:39.001000,2023-08-16T08:03:34.922722Z,1053,C2BFG2BR,495,English,21,Female,White,United Kingdom,United Kingdom,United Kingdom,English,Yes,Other
64dc7e9a62f3414613033471,62b33e90d4a7c3f314f45ba6,APPROVED,2023-08-16T07:45:30.219000Z,2023-08-16T08:16:22.212000Z,2023-08-16T15:07:39.144000,2023-08-16T08:16:22.660196Z,1852,C2BFG2BR,55,English,48,Female,White,United Kingdom,United Kingdom,United Kingdom,English,No,Full-Time
64dc7e9cb1882173e1f02f9b,5af4579eb625f70001e0cfad,APPROVED,2023-08-16T07:46:50.582000Z,2023-08-16T08:05:31.202000Z,2023-08-16T15:06:47.543000,2023-08-16T08:05:31.782922Z,1121,C2BFG2BR,2297,English,44,Female,White,United Kingdom,United Kingdom,United Kingdom,English,No,Full-Time
64dc7ea2e8f6a3b22cc49366,5dd11840d690721b2469a344,APPROVED,2023-08-16T07:45:38.496000Z,2023-08-16T08:04:06.006000Z,2023-08-16T15:06:47.680000,2023-08-16T08:04:07.454792Z,1108,C2BFG2BR,1393,English,47,Male,White,United Kingdom,United Kingdom,United Kingdom,English,No,Other
64dc7ea2eb61e76232e2ecd0,5ae1e99638df950001454b0e,APPROVED,2023-08-16T07:45:43.798000Z,2023-08-16T08:13:55.069000Z,2023-08-16T15:06:47.820000,2023-08-16T08:13:55.678336Z,1692,C2BFG2BR,304,English,30,Female,White,United Kingdom,United Kingdom,United Kingdom,English,No,Full-Time
64dc7eae96ba187eefe1fce0,64403305213136974ed0f67a,APPROVED,2023-08-16T07:45:56.643000Z,2023-08-16T08:44:02.318000Z,2023-08-16T15:06:47.962000,2023-08-16T08:44:02.877062Z,3486,C2BFG2BR,304,English,35,Male,White,United Kingdom,United Kingdom,United Kingdom,English,Yes,Full-Time
64dc7eafc030f419ae44118a,6310c063bd0cce86b0289d20,APPROVED,2023-08-16T07:45:54.094000Z,2023-08-16T08:08:56.991000Z,2023-08-16T15:06:48.108000,2023-08-16T08:08:57.461847Z,1383,C2BFG2BR,1076,English,26,Male,White,United Kingdom,United Kingdom,United Kingdom,English,No,Full-Time
64dc7eb0b4214cff76e6c0ea,6346e117e4e283094ff51b84,APPROVED,2023-08-16T07:45:57.900000Z,2023-08-16T08:15:06.222000Z,2023-08-16T15:06:48.231000,2023-08-16T08:15:06.646154Z,1749,C2BFG2BR,620,English,50,Female,White,United Kingdom,United Kingdom,United Kingdom,English,No,Full-Time
64dc7eb142b74eebd71f2197,5b7c2541afb6ca00016af5ee,APPROVED,2023-08-16T07:46:16.432000Z,2023-08-16T08:08:06.193000Z,2023-08-16T15:06:48.356000,2023-08-16T08:08:06.676302Z,1310,C2BFG2BR,545,"English, Chinese",37,Male,Asian,United Kingdom,United Kingdom,United Kingdom,Chinese,No,Part-Time
64dc7eb1eb61e76232e2ecd3,5c8cfc3772503f0001e9c965,APPROVED,2023-08-16T07:45:59.756000Z,2023-08-16T08:09:17.387000Z,2023-08-16T15:06:48.475000,2023-08-16T08:09:18.764147Z,1398,C2BFG2BR,2047,English,65,Male,White,United Kingdom,United Kingdom,United Kingdom,English,No,Full-Time
64dc7eb3c002480885e295da,6097c0f1b17aabadc9369fc5,APPROVED,2023-08-16T07:45:55.843000Z,2023-08-16T08:20:48.216000Z,2023-08-16T15:06:48.599000,2023-08-16T08:20:48.930007Z,2093,C2BFG2BR,1304,English,27,Female,White,United Kingdom,United Kingdom,United Kingdom,English,No,Full-Time
64dc7ebf82aaae7350779d47,607deec383975f3377a28b9e,APPROVED,2023-08-16T07:46:15.984000Z,2023-08-16T08:10:53.442000Z,2023-08-16T15:06:48.729000,2023-08-16T08:10:54.031145Z,1478,C2BFG2BR,675,English,39,Female,White,United Kingdom,United Kingdom,United Kingdom,English,No,"Not in paid work (e.g. homemaker', 'retired or disabled)"
64dc7ebf96ba187eefe1fcec,63f79eb498a9401ce52a9fe1,APPROVED,2023-08-16T07:46:09.685000Z,2023-08-16T07:59:12.291000Z,2023-08-16T15:06:48.865000,2023-08-16T07:59:12.808043Z,783,C2BFG2BR,269,English,33,Male,White,United Kingdom,United Kingdom,United Kingdom,English,No,Full-Time
64dc7ec3201c200f1b779d6e,62e2b5712f1bcd652ce6bff8,APPROVED,2023-08-16T07:46:16.676000Z,2023-08-16T08:06:09.683000Z,2023-08-16T15:06:49.017000,2023-08-16T08:06:10.180088Z,1194,C2BFG2BR,170,English,46,Male,White,United Kingdom,United Kingdom,United Kingdom,English,No,Part-Time
64dc7ec59a22856ba1be8945,5967e9a831394d0001abdb3f,APPROVED,2023-08-16T07:46:15.635000Z,2023-08-16T08:09:37.742000Z,2023-08-16T15:06:49.149000,2023-08-16T08:09:38.919528Z,1403,C2BFG2BR,2226,English,59,Female,White,United Kingdom,United Kingdom,United Kingdom,English,No,Part-Time
64dc7ec5a88e06ed0dc49382,57b889c1e163b10001abf340,APPROVED,2023-08-16T07:53:47.365000Z,2023-08-16T08:19:42.157000Z,2023-08-16T15:06:49.270000,2023-08-16T08:19:42.670885Z,1555,C2BFG2BR,316,English,64,Female,White,United Kingdom,United Kingdom,United Kingdom,English,No,"Not in paid work (e.g. homemaker', 'retired or disabled)"
64dc7ec64469f04705c86ce7,5c49e145e97243000194bace,APPROVED,2023-08-16T07:46:19.925000Z,2023-08-16T08:02:16.042000Z,2023-08-16T15:06:49.398000,2023-08-16T08:02:16.638184Z,957,C2BFG2BR,696,English,38,Female,White,United Kingdom,United Kingdom,United Kingdom,English,No,Part-Time
64dc7ecad5690df31c4e572c,5e865fdcef7ca60d3266f76a,APPROVED,2023-08-16T07:46:37.039000Z,2023-08-16T08:23:04.535000Z,2023-08-16T15:06:49.521000,2023-08-16T08:23:05.956791Z,2188,C2BFG2BR,162,"English, German",30,Male,White,Germany,United Kingdom,Germany,German,No,Full-Time
64dc7ecd757c7ab4466f0a48,63ea42ea3e9be106c194b5ee,APPROVED,2023-08-16T07:48:03.555000Z,2023-08-16T08:08:42.982000Z,2023-08-16T15:06:49.667000,2023-08-16T08:08:43.578289Z,1240,C2BFG2BR,154,English,42,Male,White,United Kingdom,United Kingdom,United Kingdom,English,No,Full-Time
64dc7ece8cf2971354a1d3d7,610dab2802ed9932045896da,APPROVED,2023-08-16T07:47:50.297000Z,2023-08-16T08:10:55.107000Z,2023-08-16T15:06:49.806000,2023-08-16T08:10:55.610040Z,1385,C2BFG2BR,474,English,42,Female,White,Germany,United Kingdom,United Kingdom,English,No,"Not in paid work (e.g. homemaker', 'retired or disabled)"
64dc7eda82aaae7350779d4c,622e282986d38f7f8fb74e93,APPROVED,2023-08-16T07:46:39.948000Z,2023-08-16T08:18:03.222000Z,2023-08-16T15:06:49.932000,2023-08-16T08:18:03.892997Z,1884,C2BFG2BR,601,English,62,Female,White,United Kingdom,United Kingdom,United Kingdom,English,No,"Not in paid work (e.g. homemaker', 'retired or disabled)"
64dc7edfd511e4427e42da1c,62ed12acf6326dfba8a97280,APPROVED,2023-08-16T07:49:26.739000Z,2023-08-16T08:07:32.500000Z,2023-08-16T15:06:50.065000,2023-08-16T08:07:33.152670Z,1086,C2BFG2BR,345,English,40,Female,White,United Kingdom,United Kingdom,United Kingdom,English,DATA_EXPIRED,DATA_EXPIRED
64dc7ee0daf0b543d8b5d475,60fefcd96595341f18a3a247,APPROVED,2023-08-16T07:46:40.332000Z,2023-08-16T08:02:24.130000Z,2023-08-16T15:06:50.188000,2023-08-16T08:02:24.668726Z,944,C2BFG2BR,253,English,36,Female,White,United Kingdom,United Kingdom,United Kingdom,English,No,"Not in paid work (e.g. homemaker', 'retired or disabled)"
64dc7ee3219a5a5f237f3755,5713cc324cfd6f0009aa7329,APPROVED,2023-08-16T07:52:02.679000Z,2023-08-16T08:16:34.894000Z,2023-08-16T15:06:50.317000,2023-08-16T08:16:35.455306Z,1473,C2BFG2BR,1599,"English, Arabic, Italian",53,Female,White,United Kingdom,United Kingdom,United Kingdom,English,DATA_EXPIRED,DATA_EXPIRED
64dc7ee5ece5e899728bce2b,5e95d76c8cfb0502e3db1f88,APPROVED,2023-08-16T07:46:48.599000Z,2023-08-16T08:06:32.600000Z,2023-08-16T15:06:50.458000,2023-08-16T08:06:33.084156Z,1185,C2BFG2BR,1306,English,46,Male,White,United Kingdom,United Kingdom,United Kingdom,English,No,Full-Time
64dc7ee762f341461303348d,5c73a9d92dfbdb0001b95375,APPROVED,2023-08-16T07:46:52.246000Z,2023-08-16T08:09:22.252000Z,2023-08-16T15:06:50.586000,2023-08-16T08:09:22.690679Z,1351,C2BFG2BR,1717,English,62,Female,White,United Kingdom,United Kingdom,United Kingdom,English,No,"Not in paid work (e.g. homemaker', 'retired or disabled)"
64dc7ee8ad91d76cb42eb0fb,5cd5e34157a78e001c1bbf99,APPROVED,2023-08-16T07:46:59.122000Z,2023-08-16T08:06:02.759000Z,2023-08-16T15:06:50.754000,2023-08-16T08:06:03.966359Z,1144,C2BFG2BR,1210,English,30,Female,White,United Kingdom,United Kingdom,United Kingdom,English,No,Full-Time
64dc7eeadaf0b543d8b5d47a,61502dee7a3a5468adbb2222,APPROVED,2023-08-16T07:46:53.939000Z,2023-08-16T08:02:54.655000Z,2023-08-16T15:06:50.891000,2023-08-16T08:02:55.072211Z,961,C2BFG2BR,524,English,41,Male,White,United Kingdom,United Kingdom,United Kingdom,English,No,Full-Time
64dc7eedad91d76cb42eb0fc,6060b2cead1daacd69adb31f,APPROVED,2023-08-16T07:46:57.193000Z,2023-08-16T08:08:06.363000Z,2023-08-16T15:06:51.066000,2023-08-16T08:08:06.962405Z,1270,C2BFG2BR,1131,"English, Spanish",37,Female,White,Spain,United Kingdom,Spain,Spanish,Yes,Full-Time
64dc7ef0e7d73c8f3e8b8b60,5cdfe8f96e2e4e0019757481,APPROVED,2023-08-16T07:47:09.594000Z,2023-08-16T08:01:48.120000Z,2023-08-16T15:06:51.206000,2023-08-16T08:01:48.831840Z,879,C2BFG2BR,316,English,28,Female,White,United Kingdom,United Kingdom,United Kingdom,English,No,Full-Time
64dc7ef3c14e3476108b8b2d,5c9224087a7067000190b119,APPROVED,2023-08-16T07:47:03.577000Z,2023-08-16T08:03:09.141000Z,2023-08-16T15:06:51.381000,2023-08-16T08:03:10.460072Z,966,C2BFG2BR,2156,English,52,Female,White,United Kingdom,United Kingdom,United Kingdom,English,No,Full-Time
64dc7ef406164ce71a53d28c,5c77d0f62cfc0000160c1958,APPROVED,2023-08-16T07:54:28.940000Z,2023-08-16T08:11:48.905000Z,2023-08-16T15:06:51.531000,2023-08-16T08:11:49.419898Z,1040,C2BFG2BR,1023,English,57,Female,White,United Kingdom,United Kingdom,United Kingdom,English,No,Full-Time
64dc7efc02f60401466f0a71,63f8b081b083f1e1014cb21a,APPROVED,2023-08-16T07:54:15.778000Z,2023-08-16T08:26:07.613000Z,2023-08-16T15:06:51.686000,2023-08-16T08:26:08.548843Z,1912,C2BFG2BR,244,"Urdu, English",32,Male,Asian,Afghanistan,United Kingdom,United Kingdom,Urdu,No,Full-Time
64dc7efe60e3fc75fffeb1b8,63e5404324177f4d7f6c0c13,APPROVED,2023-08-16T07:47:14.945000Z,2023-08-16T08:02:04.568000Z,2023-08-16T15:06:51.860000,2023-08-16T08:02:05.053371Z,890,C2BFG2BR,190,"English, Italian",43,Male,White,South Africa,United Kingdom,Italy,English,No,Full-Time
64dc7effd5690df31c4e5738,64135e5651180cd4c2843e4f,APPROVED,2023-08-16T07:47:43.864000Z,2023-08-16T08:13:46.366000Z,2023-08-16T15:06:52.006000,2023-08-16T08:13:46.909007Z,1563,C2BFG2BR,320,English,37,Female,White,United Kingdom,United Kingdom,United Kingdom,English,No,Full-Time
64dc7f040f4bab065e53d283,5f547d6418bf9a7f13fa4e83,APPROVED,2023-08-16T07:47:22.217000Z,2023-08-16T08:09:46.356000Z,2023-08-16T15:06:52.164000,2023-08-16T08:09:46.769637Z,1345,C2BFG2BR,95,English,41,Female,Black,United Kingdom,United Kingdom,United Kingdom,English,No,Full-Time
64dc7f05d511e4427e42da2a,6074b1a4765dd68a61e40bb4,APPROVED,2023-08-16T07:47:22.552000Z,2023-08-16T08:13:41.906000Z,2023-08-16T15:06:52.288000,2023-08-16T08:13:42.915992Z,1580,C2BFG2BR,310,English,37,Female,Black,United Kingdom,United Kingdom,United Kingdom,English,DATA_EXPIRED,DATA_EXPIRED
64dc7f0696ba187eefe1fd09,5ffdd6ac44be033c5ca23956,APPROVED,2023-08-16T07:47:22.507000Z,2023-08-16T08:06:45.214000Z,2023-08-16T15:06:52.422000,2023-08-16T08:06:45.787533Z,1163,C2BFG2BR,267,English,48,Female,White,United Kingdom,United Kingdom,United Kingdom,English,No,Full-Time
64dc7f0710ede78d87d3ce03,574c1f935bef980010b0a080,APPROVED,2023-08-16T07:47:22.597000Z,2023-08-16T08:58:18.963000Z,2023-08-16T15:06:52.555000,2023-08-16T08:58:19.440122Z,4257,C2BFG2BR,1046,"English, Bulgarian",44,Female,White,Bulgaria,United Kingdom,Bulgaria,Bulgarian,No,Part-Time
64dc7f0b58668814d4a08dc5,60b3950b9a1de417d37bb8d2,APPROVED,2023-08-16T07:47:27.315000Z,2023-08-16T08:11:38.575000Z,2023-08-16T15:22:57.758000,2023-08-16T08:11:39.048384Z,1452,NOCODE,1040,English,31,Male,White,United Kingdom,United Kingdom,United Kingdom,English,No,Full-Time
64dc7f0d0f4bab065e53d28a,634689122e997b8299adeda5,APPROVED,2023-08-16T07:47:25.807000Z,2023-08-16T08:02:22.381000Z,2023-08-16T15:06:52.714000,2023-08-16T08:02:23.051287Z,897,C2BFG2BR,680,English,41,Male,White,United Kingdom,United Kingdom,United Kingdom,English,No,Full-Time
64dc7f0e55301b020c696235,60a3e2171e2b64e740408760,APPROVED,2023-08-16T07:47:51.135000Z,2023-08-16T08:10:37.078000Z,2023-08-16T15:06:52.915000,2023-08-16T08:10:37.596858Z,1366,C2BFG2BR,510,"English, Greek",28,Female,White,Greece,United Kingdom,Greece,Greek,No,Full-Time
64dc7f0fa21d25c05cb512e9,6399baf217a79e6c3cd91cca,APPROVED,2023-08-16T07:47:33.163000Z,2023-08-16T08:06:17.311000Z,2023-08-16T15:06:53.059000,2023-08-16T08:06:17.758804Z,1125,C2BFG2BR,335,English,52,Male,White,United Kingdom,United Kingdom,United Kingdom,English,No,Full-Time
64dc7f120dfc8a90638a3d50,634688048500211f4412cff2,APPROVED,2023-08-16T07:48:01.595000Z,2023-08-16T08:05:55.420000Z,2023-08-16T15:06:53.198000,2023-08-16T08:05:55.874175Z,1074,C2BFG2BR,286,"English, Turkish",32,Male,White,Turkey,United Kingdom,Turkey,Turkish,No,Full-Time
64dc7f131bff2ecef98bcdc5,5a0a057c80acd80001047392,APPROVED,2023-08-16T07:47:38.817000Z,2023-08-16T08:13:55.878000Z,2023-08-16T15:06:53.339000,2023-08-16T08:13:56.534914Z,1578,C2BFG2BR,1308,English,54,Female,White,United Kingdom,United Kingdom,United Kingdom,English,No,"Not in paid work (e.g. homemaker', 'retired or disabled)"
64dc7f14707d0bc38769627e,5f4cbdf9f599118d27c21442,APPROVED,2023-08-16T07:47:39.211000Z,2023-08-16T08:09:02.367000Z,2023-08-16T15:06:53.471000,2023-08-16T08:09:02.846330Z,1284,C2BFG2BR,1711,English,44,Female,White,United Kingdom,United Kingdom,United Kingdom,English,No,Full-Time
64dc7f1c707d0bc38769627f,5e110747dc265f7d25341439,APPROVED,2023-08-16T07:47:44.033000Z,2023-08-16T08:05:39.283000Z,2023-08-16T15:06:53.602000,2023-08-16T08:05:40.075844Z,1076,C2BFG2BR,1591,English,44,Female,White,United Kingdom,United Kingdom,United Kingdom,English,No,Part-Time
64dc7f1d7221422e1e133b9c,58bebf658c2fd60001b9767a,APPROVED,2023-08-16T07:53:49.042000Z,2023-08-16T08:19:28.321000Z,2023-08-16T15:06:53.726000,2023-08-16T08:19:29.145852Z,1540,C2BFG2BR,1686,English,44,Male,White,United Kingdom,United Kingdom,United Kingdom,English,No,Full-Time
64dc7f1e3339f3b6f1864735,5f0f624774af6210bf4503e9,APPROVED,2023-08-16T07:47:41.999000Z,2023-08-16T08:10:27.512000Z,2023-08-16T15:06:53.854000,2023-08-16T08:10:28.019490Z,1366,C2BFG2BR,122,English,36,Male,White,United Kingdom,United Kingdom,United Kingdom,English,No,Full-Time
64dc7f20584a8f3af72ae994,63e528d1a9ece4b6addd5f2d,APPROVED,2023-08-16T07:54:34.067000Z,2023-08-16T08:15:09.296000Z,2023-08-16T15:06:53.989000,2023-08-16T08:15:09.832179Z,1236,C2BFG2BR,114,English,34,Female,White,United Kingdom,United Kingdom,United Kingdom,English,No,"Not in paid work (e.g. homemaker', 'retired or disabled)"
64dc7f24b4214cff76e6c109,5ef660beebde2833d8492e58,APPROVED,2023-08-16T07:49:21.113000Z,2023-08-16T08:07:39.563000Z,2023-08-16T15:06:54.137000,2023-08-16T08:07:40.052893Z,1099,C2BFG2BR,951,English,32,Female,White,United Kingdom,United Kingdom,United Kingdom,English,No,Part-Time
64dc7f26584a8f3af72ae997,604c5ff80862dbf0bfe4caac,APPROVED,2023-08-16T07:47:54.554000Z,2023-08-16T08:05:14.005000Z,2023-08-16T15:06:54.273000,2023-08-16T08:05:14.475632Z,1040,C2BFG2BR,249,English,30,Male,Mixed,United Kingdom,United Kingdom,United Kingdom,English,DATA_EXPIRED,DATA_EXPIRED
64dc7f2670a266150a1270ca,63d3fb730f03adf8b4a28a37,APPROVED,2023-08-16T07:47:52.187000Z,2023-08-16T08:13:38.046000Z,2023-08-16T15:06:54.406000,2023-08-16T08:13:38.590969Z,1546,C2BFG2BR,197,English,39,Male,White,United Kingdom,United Kingdom,United Kingdom,English,No,Full-Time
64dc7f270f8c32a0027f3743,5efcd984f7176d0e6a59dd17,APPROVED,2023-08-16T07:47:51.850000Z,2023-08-16T08:06:54.320000Z,2023-08-16T15:06:54.538000,2023-08-16T08:06:54.943573Z,1143,C2BFG2BR,1266,English,36,Female,White,United Kingdom,United Kingdom,United Kingdom,English,No,Full-Time
64dc7f2a4469f04705c86d21,611f672bc947518ca8b25524,APPROVED,2023-08-16T07:48:09.510000Z,2023-08-16T08:21:44.247000Z,2023-08-16T15:06:54.670000,2023-08-16T08:21:44.706985Z,2015,C2BFG2BR,866,English,31,Male,White,United Kingdom,United Kingdom,United Kingdom,English,No,Full-Time
64dc7f2b02f60401466f0a82,63d13f8a6bae53e55ef876c2,APPROVED,2023-08-16T07:47:59.306000Z,2023-08-16T08:02:37.470000Z,2023-08-16T15:06:54.796000,2023-08-16T08:02:38.598004Z,879,C2BFG2BR,511,English,33,Male,White,United Kingdom,United Kingdom,United Kingdom,English,No,Full-Time
64dc7f2b274cd767a5864794,63d12557d1c4aa48a49259ee,APPROVED,2023-08-16T07:50:29.233000Z,2023-08-16T08:09:43.717000Z,2023-08-16T15:06:54.952000,2023-08-16T08:09:44.186354Z,1155,C2BFG2BR,212,English,33,Male,Asian,United Kingdom,United Kingdom,United Kingdom,English,No,Other
64dc7f2f210a0a3e632da8af,5c6ab741a70f0f0001607363,APPROVED,2023-08-16T07:55:06.032000Z,2023-08-16T08:03:22.535000Z,2023-08-16T15:59:24.029000,2023-08-16T08:03:23.251391Z,497,NOCODE,554,English,27,Female,White,United Kingdom,United Kingdom,United Kingdom,English,DATA_EXPIRED,Full-Time
64dc7f339a22856ba1be896b,614778280f3a996d2b520388,APPROVED,2023-08-16T07:48:08.228000Z,2023-08-16T08:07:19.835000Z,2023-08-16T15:06:55.095000,2023-08-16T08:07:20.360157Z,1152,C2BFG2BR,1164,English,49,Female,White,United Kingdom,United Kingdom,United Kingdom,English,No,Full-Time
64dc7f367221422e1e133b9e,5ed2bdf295ed8f251d614b21,APPROVED,2023-08-16T07:48:09.650000Z,2023-08-16T08:02:51.977000Z,2023-08-16T15:06:55.240000,2023-08-16T08:02:53.796009Z,883,C2BFG2BR,753,"English, Spanish",21,Male,White,United Kingdom,United Kingdom,United Kingdom,English,Yes,Part-Time
64dc7f37daf0b543d8b5d48c,64842455e8ac69503a5c65f0,APPROVED,2023-08-16T07:48:42.926000Z,2023-08-16T08:28:57.884000Z,2023-08-16T15:06:55.369000,2023-08-16T08:28:58.404046Z,2415,C2BFG2BR,155,English,61,Female,White,United Kingdom,United Kingdom,United Kingdom,English,No,"Not in paid work (e.g. homemaker', 'retired or disabled)"
64dc7f3cdaf0b543d8b5d48d,5ea925adf0ff0739ccf94b45,APPROVED,2023-08-16T07:48:17.106000Z,2023-08-16T08:09:47.699000Z,2023-08-16T15:06:55.558000,2023-08-16T08:09:48.297952Z,1291,C2BFG2BR,1316,English,64,Female,White,United Kingdom,United Kingdom,United Kingdom,English,No,Full-Time
64dc7f3ce8f6a3b22cc49387,5ca9106716aa84001725d880,APPROVED,2023-08-16T07:48:14.157000Z,2023-08-16T08:02:53.372000Z,2023-08-16T15:06:55.703000,2023-08-16T08:02:54.785037Z,880,C2BFG2BR,1019,English,31,Female,White,United Kingdom,United Kingdom,United Kingdom,English,No,Full-Time
64dc7f3e54219764f686de70,5dbf5fe16849043f135aa2c0,APPROVED,2023-08-16T07:48:16.870000Z,2023-08-16T08:06:16.243000Z,2023-08-16T15:06:55.857000,2023-08-16T08:06:16.877949Z,1080,C2BFG2BR,1812,English,35,Male,White,United States,United Kingdom,United States,English,DATA_EXPIRED,Full-Time
64dc7f3f0f8c32a0027f374d,5cdc899d48d5f100195fafff,APPROVED,2023-08-16T07:48:21.974000Z,2023-08-16T08:09:21.041000Z,2023-08-16T15:06:55.988000,2023-08-16T08:09:21.547092Z,1260,C2BFG2BR,1450,English,37,Male,White,United Kingdom,United Kingdom,United Kingdom,English,No,Unemployed (and job seeking)
64dc7f41a2d5bf81038bcdf7,63d0234a81df5f9f9131e255,APPROVED,2023-08-16T07:49:05.429000Z,2023-08-16T08:11:10.935000Z,2023-08-16T15:06:56.128000,2023-08-16T08:11:11.723858Z,1326,C2BFG2BR,325,English,30,Male,White,United Kingdom,United Kingdom,United Kingdom,English,DATA_EXPIRED,DATA_EXPIRED
64dc7f4262f34146130334b1,5ebac054d63dde03790ceef8,APPROVED,2023-08-16T07:48:22.274000Z,2023-08-16T08:22:55.816000Z,2023-08-16T15:06:56.266000,2023-08-16T08:22:57.463816Z,2074,C2BFG2BR,1244,English,31,Female,White,United Kingdom,United Kingdom,United Kingdom,English,No,Full-Time
64dc7f44e8f6a3b22cc4938a,579e431a81f331000139d5d0,APPROVED,2023-08-16T07:48:26.768000Z,2023-08-16T08:17:01.718000Z,2023-08-16T15:06:56.404000,2023-08-16T08:17:02.228775Z,1715,C2BFG2BR,2242,English,42,Female,White,United Kingdom,United Kingdom,United Kingdom,English,DATA_EXPIRED,DATA_EXPIRED
64dc7f46c030f419ae4411a5,62d9be690206e1b4f007eacb,APPROVED,2023-08-16T07:48:43.910000Z,2023-08-16T08:12:45.997000Z,2023-08-16T15:56:34.480000,2023-08-16T08:12:46.639122Z,1443,NOCODE,801,English,48,Male,White,United Kingdom,United Kingdom,United Kingdom,English,No,Full-Time
64dc7f4b274cd767a586479c,5baa5c962eb8020001f1ed3a,APPROVED,2023-08-16T07:48:30.715000Z,2023-08-16T08:04:36.691000Z,2023-08-16T15:06:56.573000,2023-08-16T08:04:37.200825Z,966,C2BFG2BR,605,English,31,Male,White,United Kingdom,United Kingdom,United Kingdom,English,DATA_EXPIRED,DATA_EXPIRED
64dc7f4eb4214cff76e6c11c,576b0cc76aed2e0001705386,APPROVED,2023-08-16T07:49:37.795000Z,2023-08-16T08:05:36.457000Z,2023-08-16T15:27:56.816000,2023-08-16T08:05:37.082885Z,959,NOCODE,488,English,40,Male,White,United Kingdom,United Kingdom,United Kingdom,English,Yes,Full-Time
64dc7f4fb1882173e1f02fda,6027d7c787d2e926857eafc5,APPROVED,2023-08-16T07:48:52.764000Z,2023-08-16T08:06:46.525000Z,2023-08-16T15:06:56.701000,2023-08-16T08:06:47.028928Z,1074,C2BFG2BR,236,"English, Turkish",31,Female,White,Turkey,United Kingdom,Turkey,Turkish,Yes,Full-Time
64dc7f50a2d5bf81038bce02,57f18e976c19420001438a1b,APPROVED,2023-08-16T07:48:36.052000Z,2023-08-16T08:16:42.078000Z,2023-08-16T15:06:56.832000,2023-08-16T08:16:42.588643Z,1687,C2BFG2BR,616,"English, Dutch, Urdu, Spanish",28,Female,Asian,Netherlands,United Kingdom,United Kingdom,English,DATA_EXPIRED,Full-Time
64dc7f5370a266150a1270de,64275d22f204d1161ad23e64,APPROVED,2023-08-16T07:48:39.367000Z,2023-08-16T08:17:25.172000Z,2023-08-16T15:06:56.983000,2023-08-16T08:17:25.628669Z,1726,C2BFG2BR,169,English,52,Male,White,United Kingdom,United Kingdom,United Kingdom,English,No,Part-Time
64dc7f575c202e4d552da82d,643918b7df602a9f3f3f66d7,APPROVED,2023-08-16T07:54:29.339000Z,2023-08-16T08:14:38.514000Z,2023-08-16T15:06:57.136000,2023-08-16T08:14:39.385200Z,1210,C2BFG2BR,245,English,53,Male,White,United Kingdom,United Kingdom,United Kingdom,English,No,Full-Time
64dc7f5b0fbb9d085cd3cdd3,642ee08bca2effffc9e754e2,APPROVED,2023-08-16T07:48:52.351000Z,2023-08-16T08:25:49.869000Z,2023-08-16T15:06:57.272000,2023-08-16T08:25:50.382907Z,2218,C2BFG2BR,320,English,58,Female,White,United Kingdom,United Kingdom,United Kingdom,English,No,Part-Time
64dc7f5c229413211ce6c0d7,5a6b6b34d5d4cb0001d64b8f,APPROVED,2023-08-16T07:48:48.898000Z,2023-08-16T08:12:31.560000Z,2023-08-16T15:06:57.406000,2023-08-16T08:12:32.028703Z,1423,C2BFG2BR,1465,English,47,Male,White,United Kingdom,United Kingdom,United Kingdom,English,No,Unemployed (and job seeking)
64dc7f654fa711d3e01f21a9,55e876f25e4d360012cc283d,APPROVED,2023-08-16T07:49:01.243000Z,2023-08-16T08:05:05.045000Z,2023-08-16T15:06:57.545000,2023-08-16T08:05:05.574374Z,964,C2BFG2BR,1075,English,28,Male,White,United Kingdom,United Kingdom,United Kingdom,English,DATA_EXPIRED,DATA_EXPIRED
64dc7f683620a5cc972da86b,5a3c0b842f91ec0001dc9bb4,APPROVED,2023-08-16T07:53:14.382000Z,2023-08-16T08:15:04.245000Z,2023-08-16T15:06:57.706000,2023-08-16T08:15:05.158381Z,1310,C2BFG2BR,1807,English,53,Male,White,United Kingdom,United Kingdom,United Kingdom,English,No,Unemployed (and job seeking)
64dc7f6c99fcc0f466f02f8d,5bfe7267098e7a00016a4058,APPROVED,2023-08-16T07:49:05.477000Z,2023-08-16T08:09:59.644000Z,2023-08-16T15:06:57.846000,2023-08-16T08:10:00.160621Z,1255,C2BFG2BR,953,English,59,Female,White,United Kingdom,United Kingdom,United Kingdom,English,No,Part-Time
64dc7f6dc002480885e2960e,5aeaf3c226b6680001698375,APPROVED,2023-08-16T07:49:01.090000Z,2023-08-16T08:04:51.895000Z,2023-08-16T15:06:57.986000,2023-08-16T08:04:52.425556Z,951,C2BFG2BR,271,English,37,Male,Mixed,United Kingdom,United Kingdom,Ireland,English,No,DATA_EXPIRED
64dc7f71daf0b543d8b5d497,602257a4c4c9de32aa966833,APPROVED,2023-08-16T07:49:08.274000Z,2023-08-16T08:03:37.835000Z,2023-08-16T15:06:58.124000,2023-08-16T08:03:38.327666Z,870,C2BFG2BR,1127,English,44,Female,White,United Kingdom,United Kingdom,United Kingdom,English,No,Full-Time
64dc7f7330f891f885739abf,5cdfb7d5ed552600019dc9f3,APPROVED,2023-08-16T07:50:13.667000Z,2023-08-16T08:11:47.004000Z,2023-08-16T15:06:58.280000,2023-08-16T08:11:47.778932Z,1294,C2BFG2BR,1109,"English, Hindi",33,Female,Asian,India,United Kingdom,DATA_EXPIRED,English,DATA_EXPIRED,DATA_EXPIRED
64dc7f737375467112b5d4b5,5a3adfb705f005000104d2a3,APPROVED,2023-08-16T07:49:43.962000Z,2023-08-16T08:13:31.215000Z,2023-08-16T15:06:58.408000,2023-08-16T08:13:31.689412Z,1428,C2BFG2BR,1052,English,40,Female,White,United Kingdom,United Kingdom,United Kingdom,English,No,Full-Time
64dc7f779f216525d4696221,62c47e133958edd348b6b525,APPROVED,2023-08-16T07:49:19.648000Z,2023-08-16T08:08:53.557000Z,2023-08-16T15:06:58.534000,2023-08-16T08:08:53.976892Z,1174,C2BFG2BR,475,"English, Pashto",45,Female,Asian,United Kingdom,United Kingdom,United Kingdom,Pashto,No,"Not in paid work (e.g. homemaker', 'retired or disabled)"
64dc7f7830f891f885739ac1,599c578d8acf1e0001599633,APPROVED,2023-08-16T07:49:16.349000Z,2023-08-16T08:10:58.989000Z,2023-08-16T15:06:58.662000,2023-08-16T08:10:59.491241Z,1303,C2BFG2BR,2157,English,62,Male,White,United Kingdom,United Kingdom,United Kingdom,English,No,Full-Time
64dc7f7d0be17dbe9ee295d7,5c7fbbfd856d2600192161c3,APPROVED,2023-08-16T07:49:21.408000Z,2023-08-16T08:09:29.718000Z,2023-08-16T15:06:59.170000,2023-08-16T08:09:30.322070Z,1209,C2BFG2BR,1220,English,53,Female,White,South Africa,United Kingdom,United Kingdom,English,DATA_EXPIRED,DATA_EXPIRED
64dc7f7eb1391b64cee1fcb4,5e57d38b533eec1818078f0b,APPROVED,2023-08-16T07:49:24.944000Z,2023-08-16T08:01:16.685000Z,2023-08-16T15:32:05.722000,2023-08-16T08:01:17.140517Z,712,NOCODE,924,English,24,Female,White,United Kingdom,United Kingdom,United Kingdom,English,No,Part-Time
64dc7f80167cac6986c54705,57fc95035682050001101433,APPROVED,2023-08-16T07:49:24.143000Z,2023-08-16T08:12:12.365000Z,2023-08-16T15:06:59.297000,2023-08-16T08:12:12.826166Z,1369,C2BFG2BR,480,English,26,Male,White,United Kingdom,United Kingdom,United Kingdom,English,No,Full-Time
64dc7f810ab2008390be8947,5cb59c4737e0b60017b2ec93,APPROVED,2023-08-16T07:49:27.096000Z,2023-08-16T08:02:54.186000Z,2023-08-16T15:06:59.426000,2023-08-16T08:02:54.626901Z,808,C2BFG2BR,430,English,26,Female,Mixed,United Kingdom,United Kingdom,United Kingdom,English,No,Full-Time
64dc7f8454219764f686de82,596155a998cf77000106f8d8,APPROVED,2023-08-16T07:49:24.163000Z,2023-08-16T08:25:03.385000Z,2023-08-16T15:06:59.569000,2023-08-16T08:25:04.068924Z,2140,C2BFG2BR,2880,"English, Scots",45,Male,White,United Kingdom,United Kingdom,United Kingdom,English,No,Part-Time
64dc7f853d6dee47b7f02f73,5ed934569883864994ac0b97,APPROVED,2023-08-16T07:52:46.855000Z,2023-08-16T08:10:48.305000Z,2023-08-16T15:06:59.729000,2023-08-16T08:10:48.816840Z,1082,C2BFG2BR,564,English,29,Female,White,United Kingdom,United Kingdom,United Kingdom,English,No,Full-Time
64dc7f88201c200f1b779dae,5cedaba627d8ce00018469bb,APPROVED,2023-08-16T07:49:39.048000Z,2023-08-16T08:18:49.808000Z,2023-08-16T15:06:59.897000,2023-08-16T08:18:50.308726Z,1751,C2BFG2BR,932,English,41,Female,White,United Kingdom,United Kingdom,United Kingdom,English,DATA_EXPIRED,DATA_EXPIRED
64dc7f8ade80fc8d131f2163,597a088221db3a00014176c3,APPROVED,2023-08-16T07:50:21.604000Z,2023-08-16T08:25:39.225000Z,2023-08-16T15:07:00.062000,2023-08-16T08:25:39.717958Z,2118,C2BFG2BR,447,English,32,Female,White,United Kingdom,United Kingdom,United Kingdom,English,No,"Not in paid work (e.g. homemaker', 'retired or disabled)"
64dc7f8eb1391b64cee1fcb9,5ee0c8a669a88041d4034cea,APPROVED,2023-08-16T07:52:51.844000Z,2023-08-16T08:10:30.096000Z,2023-08-16T15:07:00.206000,2023-08-16T08:10:30.678634Z,1059,C2BFG2BR,986,English,42,Male,White,United Kingdom,United Kingdom,United Kingdom,English,DATA_EXPIRED,Full-Time
64dc7f8f0ab2008390be8951,5bdb79cfc6e44900014a7023,APPROVED,2023-08-16T07:54:48.495000Z,2023-08-16T08:18:05.540000Z,2023-08-22T13:24:56.366000,2023-08-16T08:18:06.173614Z,1398,C2BFG - this is all I managed to write down before a technological issue occurred,231,English,23,Female,White,United Kingdom,United Kingdom,United Kingdom,English,No,Full-Time
64dc7f8f0f4bab065e53d2ac,63df7cace40d9c9ddda134d8,APPROVED,2023-08-16T07:49:40.289000Z,2023-08-16T08:17:07.472000Z,2023-08-16T15:07:00.331000,2023-08-16T08:17:07.955601Z,1648,C2BFG2BR,376,English,46,Male,White,United Kingdom,United Kingdom,United Kingdom,English,No,Full-Time
64dc7fb882aaae7350779d87,6384d247abd7c0f44276bfab,APPROVED,2023-08-16T07:50:44.668000Z,2023-08-16T08:08:22.466000Z,2023-08-16T15:07:00.458000,2023-08-16T08:08:23.000557Z,1058,C2BFG2BR,200,English,31,Male,White,United Kingdom,United Kingdom,Ireland,English,No,Full-Time
64dc7fd7757c7ab4466f0aa2,62c8576299ac324ce5e9a813,APPROVED,2023-08-16T07:57:52.774000Z,2023-08-16T08:28:23.404000Z,2023-08-16T15:07:00.608000,2023-08-16T08:28:23.923381Z,1831,C2BFG2BR,220,English,45,Female,White,United Kingdom,United Kingdom,United Kingdom,English,No,Part-Time
64dc7fec0febb1bc1cf75cdb,646b603e50eda67e0d6780d9,APPROVED,2023-08-16T07:52:32.470000Z,2023-08-16T08:40:54.238000Z,2023-08-16T15:07:00.766000,2023-08-16T08:40:58.994898Z,2902,C2BFG2BR,182,"English, Urdu, Punjabi",32,Male,Asian,United Kingdom,United Kingdom,United Kingdom,English,No,Full-Time
64dc80a2fdd3ca2501be8968,5ebd5be631748b03f7273769,APPROVED,2023-08-16T07:54:15.266000Z,2023-08-16T08:11:41.735000Z,2023-08-16T15:07:00.891000,2023-08-16T08:11:42.194551Z,1047,C2BFG2BR,319,English,35,Female,White,United Kingdom,United Kingdom,United Kingdom,English,No,Part-Time
64dc80deedc9348eafb5d49b,62c5d1d54710819b63aceb4e,APPROVED,2023-08-16T07:55:18.683000Z,2023-08-16T08:09:47.827000Z,2023-08-16T15:07:01.057000,2023-08-16T08:09:49.668954Z,870,C2BFG2BR,719,English,39,Male,White,United Kingdom,United Kingdom,United Kingdom,English,No,Full-Time
64dc81203c4849c9fa53d2b9,6400e0dd862feacb579475a8,APPROVED,2023-08-16T07:56:22.672000Z,2023-08-16T08:25:05.186000Z,2023-08-16T15:07:01.230000,2023-08-16T08:25:05.681951Z,1723,C2BFG2BR,123,English,46,Male,White,United Kingdom,United Kingdom,United Kingdom,English,No,Full-Time
64dc813c8bcc148647ade3b4,63f78703fbd3a523a963d860,APPROVED,2023-08-16T07:56:43.996000Z,2023-08-16T08:20:29.486000Z,2023-08-16T15:07:01.422000,2023-08-16T08:20:29.920938Z,1426,C2BFG2BR,393,English,31,Male,Black,Nigeria,United Kingdom,Nigeria,English,Yes,Full-Time
64dc814282870d3189c49354,644016f38da1a099aac38389,APPROVED,2023-08-16T07:56:55.006000Z,2023-08-16T08:12:33.590000Z,2023-08-16T15:07:01.585000,2023-08-16T08:12:34.113782Z,939,C2BFG2BR,253,English,38,Male,White,United Kingdom,United Kingdom,United Kingdom,English,No,Full-Time
64dc81accb858c8c1dc54714,64401b8dc61551f15637634b,APPROVED,2023-08-16T07:58:50.929000Z,2023-08-16T08:18:31.246000Z,2023-08-16T15:07:01.732000,2023-08-16T08:18:33.023466Z,1181,C2BFG2BR,230,"Arabic, English",30,Male,Other,Egypt,United Kingdom,Egypt,Arabic,No,Unemployed (and job seeking)
64dc824674030621af8a3d16,62da562ad9942a440f6986c9,APPROVED,2023-08-16T08:01:10.852000Z,2023-08-16T08:38:21.123000Z,2023-08-16T15:07:01.867000,2023-08-16T08:38:22.001103Z,2231,C2BFG2BR,794,English,41,Male,White,United Kingdom,United Kingdom,United Kingdom,English,No,Full-Time
64dc82d1ed65289708e6c121,5e7fa0e918b10804bb87eb63,APPROVED,2023-08-16T08:03:56.667000Z,2023-08-16T08:22:59.413000Z,2023-08-16T15:07:02.009000,2023-08-16T08:22:59.953089Z,1143,C2BFG2BR,1903,English,51,Male,White,United Kingdom,United Kingdom,United Kingdom,English,No,Full-Time
64dc82f2102d4af8cd12707e,6483648c280beabafcb3797e,APPROVED,2023-08-16T08:08:55.290000Z,2023-08-16T08:36:14.879000Z,2023-08-16T15:07:02.162000,2023-08-16T08:36:21.400396Z,1640,C2BFG2BR,140,English,48,Female,White,United Kingdom,United Kingdom,United Kingdom,English,No,Full-Time
64dc8410e66544fd39be8975,63e6378e04ade071ebf9ff9c,APPROVED,2023-08-16T08:08:54.307000Z,2023-08-16T08:46:25.677000Z,2023-08-16T15:07:02.311000,2023-08-16T08:46:27.299551Z,2252,C2BFG2BR,385,English,31,Male,Black,United Kingdom,United Kingdom,United Kingdom,English,No,Full-Time
64dc84121fbcb3a36286474a,5f2ac7deaac0ef39060b0aae,APPROVED,2023-08-16T08:09:02.464000Z,2023-08-16T08:28:56.691000Z,2023-08-16T15:07:02.445000,2023-08-16T08:28:57.265864Z,1195,C2BFG2BR,691,English,25,Female,White,United Kingdom,United Kingdom,United Kingdom,English,No,Full-Time
64dc84701cd8412efe8a3d65,6346d43493a4f14e735bc630,APPROVED,2023-08-16T08:10:37.715000Z,2023-08-16T08:34:17.367000Z,2023-08-16T15:07:02.593000,2023-08-16T08:34:17.986906Z,1420,C2BFG2BR,932,English,33,Male,Black,Nigeria,United Kingdom,Nigeria,English,No,Full-Time
64dc9aa38682881db2306bcb,5f75d01a857e4e27a575f7ca,APPROVED,2023-08-16T09:45:07.784000Z,2023-08-16T10:01:52.253000Z,2023-08-16T15:07:02.726000,2023-08-16T10:01:52.730730Z,1005,C2BFG2BR,1772,"English, Hungarian",41,Female,White,United Kingdom,United Kingdom,United Kingdom,English,No,Full-Time
64dc9aa432694dcd162eb111,629f2dccc6e91be06559e2f1,APPROVED,2023-08-16T09:45:15.183000Z,2023-08-16T09:59:36.112000Z,2023-08-16T15:07:02.887000,2023-08-16T09:59:40.384193Z,861,C2BFG2BR,1277,English,35,Male,White,United Kingdom,United Kingdom,United Kingdom,English,No,Full-Time
64dc9aa6318c5b88f6d3ce32,6318ec19888839dfc0b4d5c8,APPROVED,2023-08-16T09:45:14.313000Z,2023-08-16T10:08:23.004000Z,2023-08-16T15:07:03.050000,2023-08-16T10:08:23.596144Z,1389,C2BFG2BR,427,"English, Spanish",21,Male,White,United Kingdom,United Kingdom,United Kingdom,English,No,Full-Time
64dd360ed26c88b0e0c1b470,5d9f3b70630b4e001172df8c,APPROVED,2023-08-16T20:48:16.999000Z,2023-08-16T21:07:57.873000Z,2023-08-17T21:59:16.238000,2023-08-16T21:07:59.415616Z,1181,NOCODE,230,English,24,Female,White,United Kingdom,United Kingdom,United Kingdom,English,No,Full-Time
64dd36535f22f1658c5fd71c,5b9f707da0e8f30001a17cba,APPROVED,2023-08-16T20:49:39.861000Z,2023-08-16T21:06:49.055000Z,2023-08-17T02:55:15.464000,2023-08-16T21:06:49.656713Z,1030,C2BFG2BR,255,"Spanish, English, Catalan",27,Female,White,Spain,United Kingdom,Spain,Catalan,No,Full-Time
64e6140ff794b5f912b764c7,627a76b96bea55210aecbba9,AWAITING REVIEW,2023-08-23T14:14:00.905000Z,2023-08-23T14:31:45.902000Z,,2023-08-23T14:31:46.761074Z,1065,C2BFG2BR,166,English,32,Female,White,United Kingdom,United Kingdom,United Kingdom,English,No,Full-Time
